eu,NMDS1,NMDS2,eu_id,date2,subrep,block_id,plot_id,subplot_id,till_id,rot_id,straw_id,cctrt_id,year
30502_1_2018,-0.8042261046740403,-0.378332534516533,30502,2018-11-09,1,b1,p05,p05_sp02,noninversion,R4,retained,mix_E,2018
30502_2_2018,-0.8093615768768824,-0.37152387556904626,30502,2018-11-09,2,b1,p05,p05_sp02,noninversion,R4,retained,mix_E,2018
30502_3_2018,-0.5433951998254434,-0.6109861033267212,30502,2018-11-09,3,b1,p05,p05_sp02,noninversion,R4,retained,mix_E,2018
30502_1_2019,0.38476808903723264,-1.1170883918130843,30502,2019-11-01,1,b1,p05,p05_sp02,noninversion,R4,retained,mix_E,2019
30502_2_2019,0.2524328714021315,-1.2821050936904526,30502,2019-11-01,2,b1,p05,p05_sp02,noninversion,R4,retained,mix_E,2019
30502_3_2019,0.5818286272912399,-0.7794698323424608,30502,2019-11-01,3,b1,p05,p05_sp02,noninversion,R4,retained,mix_E,2019
30503_1_2018,-0.3697105736240559,0.6750025666951087,30503,2018-11-09,1,b1,p05,p05_sp03,noninversion,R4,retained,rad_M,2018
30503_2_2018,-0.518382340929769,0.5536730729962379,30503,2018-11-09,2,b1,p05,p05_sp03,noninversion,R4,retained,rad_M,2018
30503_3_2018,-0.461350129089808,0.6221621547577292,30503,2018-11-09,3,b1,p05,p05_sp03,noninversion,R4,retained,rad_M,2018
30503_1_2019,0.5174740819496925,0.4951647620057601,30503,2019-11-01,1,b1,p05,p05_sp03,noninversion,R4,retained,rad_M,2019
30503_2_2019,0.3756032024880915,0.6374041800106182,30503,2019-11-01,2,b1,p05,p05_sp03,noninversion,R4,retained,rad_M,2019
30503_3_2019,0.5832987210311628,0.4195697701023061,30503,2019-11-01,3,b1,p05,p05_sp03,noninversion,R4,retained,rad_M,2019
30504_1_2018,-0.8051806916518675,0.21442936658354575,30504,2018-11-09,1,b1,p05,p05_sp04,noninversion,R4,retained,rad_L,2018
30504_2_2018,-0.7621398858785144,0.37373065285464085,30504,2018-11-09,2,b1,p05,p05_sp04,noninversion,R4,retained,rad_L,2018
30504_3_2018,-0.280054690795161,0.8627869607344827,30504,2018-11-09,3,b1,p05,p05_sp04,noninversion,R4,retained,rad_L,2018
30504_1_2019,0.7396523581914038,0.3262693034610152,30504,2019-11-01,1,b1,p05,p05_sp04,noninversion,R4,retained,rad_L,2019
30504_2_2019,1.0516118830199737,0.11252398916380332,30504,2019-11-01,2,b1,p05,p05_sp04,noninversion,R4,retained,rad_L,2019
30504_3_2019,0.6438124665330602,0.43430103618479293,30504,2019-11-01,3,b1,p05,p05_sp04,noninversion,R4,retained,rad_L,2019
30505_1_2018,-1.1314824772230736,-0.1938427844068256,30505,2018-11-09,1,b1,p05,p05_sp05,noninversion,R4,retained,mix_M,2018
30505_2_2018,-1.0630638630877611,-0.11441918963926077,30505,2018-11-09,2,b1,p05,p05_sp05,noninversion,R4,retained,mix_M,2018
30505_3_2018,-1.149939631226204,-0.21186342166935646,30505,2018-11-09,3,b1,p05,p05_sp05,noninversion,R4,retained,mix_M,2018
30505_1_2019,1.0050755867794565,-0.2993053175156759,30505,2019-11-01,1,b1,p05,p05_sp05,noninversion,R4,retained,mix_M,2019
30505_2_2019,0.8064015304656068,-0.44615359784983216,30505,2019-11-01,2,b1,p05,p05_sp05,noninversion,R4,retained,mix_M,2019
30505_3_2019,1.0440710713689374,-0.21535960961458725,30505,2019-11-01,3,b1,p05,p05_sp05,noninversion,R4,retained,mix_M,2019
30506_1_2018,-1.0939499544452715,-0.13611190961878558,30506,2018-11-09,1,b1,p05,p05_sp06,noninversion,R4,retained,nocc,2018
30506_2_2018,-1.1239020280233676,-0.2056301191669945,30506,2018-11-09,2,b1,p05,p05_sp06,noninversion,R4,retained,nocc,2018
30506_3_2018,-1.1258432157327138,-0.19212350711550677,30506,2018-11-09,3,b1,p05,p05_sp06,noninversion,R4,retained,nocc,2018
30506_1_2019,0.9092388370997835,-0.2485524154879482,30506,2019-11-01,1,b1,p05,p05_sp06,noninversion,R4,retained,nocc,2019
30506_2_2019,1.0820364638754807,-0.07866389995054746,30506,2019-11-01,2,b1,p05,p05_sp06,noninversion,R4,retained,nocc,2019
30506_3_2019,1.2716606794401266,0.1889732249179994,30506,2019-11-01,3,b1,p05,p05_sp06,noninversion,R4,retained,nocc,2019
30602_1_2018,-1.119508396878279,-0.18957109179040219,30602,2018-11-09,1,b1,p06,p06_sp02,inversion,R4,retained,mix_E,2018
30602_2_2018,-1.1002629949408096,-0.0477435715315618,30602,2018-11-09,2,b1,p06,p06_sp02,inversion,R4,retained,mix_E,2018
30602_3_2018,-0.3796220580828994,-0.7853196284510182,30602,2018-11-09,3,b1,p06,p06_sp02,inversion,R4,retained,mix_E,2018
30602_1_2019,0.22285251695163927,-1.3897849545685466,30602,2019-11-01,1,b1,p06,p06_sp02,inversion,R4,retained,mix_E,2019
30602_2_2019,0.22825414445454423,-1.3696167556617551,30602,2019-11-01,2,b1,p06,p06_sp02,inversion,R4,retained,mix_E,2019
30602_3_2019,0.09826132416646756,-1.2784215703953414,30602,2019-11-01,3,b1,p06,p06_sp02,inversion,R4,retained,mix_E,2019
30603_1_2018,-0.47209993691747154,0.6114704113985446,30603,2018-11-09,1,b1,p06,p06_sp03,inversion,R4,retained,rad_M,2018
30603_2_2018,-0.40416501020414036,0.7036339423305912,30603,2018-11-09,2,b1,p06,p06_sp03,inversion,R4,retained,rad_M,2018
30603_3_2018,-0.4001939196787662,0.7100259357224944,30603,2018-11-09,3,b1,p06,p06_sp03,inversion,R4,retained,rad_M,2018
30603_1_2019,0.3360709245500942,0.8132068923354173,30603,2019-11-01,1,b1,p06,p06_sp03,inversion,R4,retained,rad_M,2019
30603_2_2019,0.33871828317522457,0.8460972255286928,30603,2019-11-01,2,b1,p06,p06_sp03,inversion,R4,retained,rad_M,2019
30603_3_2019,0.134883554480813,0.9881738990899721,30603,2019-11-01,3,b1,p06,p06_sp03,inversion,R4,retained,rad_M,2019
30604_1_2018,-0.8122179896692971,0.16647923791321279,30604,2018-11-09,1,b1,p06,p06_sp04,inversion,R4,retained,rad_L,2018
30604_2_2018,-0.7523383139934219,0.2538810526615987,30604,2018-11-09,2,b1,p06,p06_sp04,inversion,R4,retained,rad_L,2018
30604_3_2018,-0.41533778256506815,0.6907651250227173,30604,2018-11-09,3,b1,p06,p06_sp04,inversion,R4,retained,rad_L,2018
30604_1_2019,0.829080044941158,0.35199522574937603,30604,2019-11-01,1,b1,p06,p06_sp04,inversion,R4,retained,rad_L,2019
30604_2_2019,0.5764646188339504,0.5554673755426934,30604,2019-11-01,2,b1,p06,p06_sp04,inversion,R4,retained,rad_L,2019
30604_3_2019,0.854893557053421,0.33376487411309963,30604,2019-11-01,3,b1,p06,p06_sp04,inversion,R4,retained,rad_L,2019
30605_1_2018,-1.0206261981739262,-0.15112062273945603,30605,2018-11-09,1,b1,p06,p06_sp05,inversion,R4,retained,mix_M,2018
30605_2_2018,-0.9183549598276545,-0.1937159615180809,30605,2018-11-09,2,b1,p06,p06_sp05,inversion,R4,retained,mix_M,2018
30605_3_2018,-0.9390911644685321,-0.23086589766390547,30605,2018-11-09,3,b1,p06,p06_sp05,inversion,R4,retained,mix_M,2018
30605_1_2019,0.6110804763205656,-0.7395597396006117,30605,2019-11-01,1,b1,p06,p06_sp05,inversion,R4,retained,mix_M,2019
30605_2_2019,0.6504804033528235,-0.6513387157173834,30605,2019-11-01,2,b1,p06,p06_sp05,inversion,R4,retained,mix_M,2019
30605_3_2019,0.61966775323125,-0.6962920021552802,30605,2019-11-01,3,b1,p06,p06_sp05,inversion,R4,retained,mix_M,2019
30606_1_2018,-1.1836981157526314,-0.20112814325953435,30606,2018-11-09,1,b1,p06,p06_sp06,inversion,R4,retained,nocc,2018
30606_2_2018,-1.087093771202534,-0.17172758817887165,30606,2018-11-09,2,b1,p06,p06_sp06,inversion,R4,retained,nocc,2018
30606_3_2018,-0.39079737349396687,-0.7728828639226379,30606,2018-11-09,3,b1,p06,p06_sp06,inversion,R4,retained,nocc,2018
30606_1_2019,0.97637585455736,-0.1514979195361986,30606,2019-11-01,1,b1,p06,p06_sp06,inversion,R4,retained,nocc,2019
30606_2_2019,1.2406152139050801,0.19505150658876047,30606,2019-11-01,2,b1,p06,p06_sp06,inversion,R4,retained,nocc,2019
30606_3_2019,1.3222691139853529,-0.001040064475360967,30606,2019-11-01,3,b1,p06,p06_sp06,inversion,R4,retained,nocc,2019
30802_1_2018,-0.7472153606302273,-0.3869221865584187,30802,2018-11-09,1,b1,p08,p08_sp02,notill,R4,retained,mix_E,2018
30802_2_2018,-0.7294168829646585,-0.4000274555683533,30802,2018-11-09,2,b1,p08,p08_sp02,notill,R4,retained,mix_E,2018
30802_3_2018,-0.9236285592861193,-0.24806768921793407,30802,2018-11-09,3,b1,p08,p08_sp02,notill,R4,retained,mix_E,2018
30802_1_2019,0.7588217745655039,-0.5424894462493812,30802,2019-11-01,1,b1,p08,p08_sp02,notill,R4,retained,mix_E,2019
30802_2_2019,0.7571148455702184,-0.5998671021831963,30802,2019-11-01,2,b1,p08,p08_sp02,notill,R4,retained,mix_E,2019
30802_3_2019,0.6801960916673498,-0.6901578381556642,30802,2019-11-01,3,b1,p08,p08_sp02,notill,R4,retained,mix_E,2019
30803_1_2018,-0.055327780080364423,1.2939649769627757,30803,2018-11-09,1,b1,p08,p08_sp03,notill,R4,retained,rad_M,2018
30803_2_2018,-0.10955210452651422,1.2217343495164243,30803,2018-11-09,2,b1,p08,p08_sp03,notill,R4,retained,rad_M,2018
30803_3_2018,-0.3546803102591969,0.8924585849601296,30803,2018-11-09,3,b1,p08,p08_sp03,notill,R4,retained,rad_M,2018
30803_1_2019,0.2347467457973236,0.9973384164549511,30803,2019-11-01,1,b1,p08,p08_sp03,notill,R4,retained,rad_M,2019
30803_2_2019,0.26276416095583943,0.9564084897642332,30803,2019-11-01,2,b1,p08,p08_sp03,notill,R4,retained,rad_M,2019
30803_3_2019,0.36271187592384946,0.7826548448810733,30803,2019-11-01,3,b1,p08,p08_sp03,notill,R4,retained,rad_M,2019
30804_1_2018,-0.8324453843285448,0.10299387104959087,30804,2018-11-09,1,b1,p08,p08_sp04,notill,R4,retained,rad_L,2018
30804_2_2018,-0.616425491713648,0.37479361975518627,30804,2018-11-09,2,b1,p08,p08_sp04,notill,R4,retained,rad_L,2018
30804_3_2018,-0.4268981232519961,0.700670035422521,30804,2018-11-09,3,b1,p08,p08_sp04,notill,R4,retained,rad_L,2018
30804_1_2019,1.0643869376300552,0.32512822799429214,30804,2019-11-01,1,b1,p08,p08_sp04,notill,R4,retained,rad_L,2019
30804_2_2019,1.200562340028518,0.24037383793641748,30804,2019-11-01,2,b1,p08,p08_sp04,notill,R4,retained,rad_L,2019
30804_3_2019,0.9735325104049448,0.1596947696444758,30804,2019-11-01,3,b1,p08,p08_sp04,notill,R4,retained,rad_L,2019
30805_1_2018,-1.1261161719077866,-0.1923612714492642,30805,2018-11-09,1,b1,p08,p08_sp05,notill,R4,retained,mix_M,2018
30805_2_2018,-1.0987356880701242,-0.17917310978196166,30805,2018-11-09,2,b1,p08,p08_sp05,notill,R4,retained,mix_M,2018
30805_3_2018,-0.948346527195378,-0.26264629855711163,30805,2018-11-09,3,b1,p08,p08_sp05,notill,R4,retained,mix_M,2018
30805_1_2019,0.8841394378459473,-0.45370329154363626,30805,2019-11-01,1,b1,p08,p08_sp05,notill,R4,retained,mix_M,2019
30805_2_2019,1.2234828535619229,-0.1955139403125946,30805,2019-11-01,2,b1,p08,p08_sp05,notill,R4,retained,mix_M,2019
30805_3_2019,0.5826953955391764,-0.8083957709548245,30805,2019-11-01,3,b1,p08,p08_sp05,notill,R4,retained,mix_M,2019
30806_1_2018,-1.0048917837343712,-0.255101203757117,30806,2018-11-09,1,b1,p08,p08_sp06,notill,R4,retained,nocc,2018
30806_2_2018,-0.9795202781592618,-0.2589234154678262,30806,2018-11-09,2,b1,p08,p08_sp06,notill,R4,retained,nocc,2018
30806_3_2018,-1.1423632220418936,-0.1959670619312147,30806,2018-11-09,3,b1,p08,p08_sp06,notill,R4,retained,nocc,2018
30806_1_2019,1.0657062074654364,-0.3084869931681061,30806,2019-11-01,1,b1,p08,p08_sp06,notill,R4,retained,nocc,2019
30806_2_2019,0.9822059660376877,-0.27232667033192043,30806,2019-11-01,2,b1,p08,p08_sp06,notill,R4,retained,nocc,2019
30806_3_2019,0.9161903253027113,-0.2862407356738409,30806,2019-11-01,3,b1,p08,p08_sp06,notill,R4,retained,nocc,2019
31402_1_2018,-0.6744431318069022,-0.4895881237380645,31402,2018-11-09,1,b1,p14,p14_sp02,noninversion,R3,removed,mix_E,2018
31402_2_2018,-0.4315499138689743,-0.709138023490502,31402,2018-11-09,2,b1,p14,p14_sp02,noninversion,R3,removed,mix_E,2018
31402_3_2018,-0.2653334980900695,-0.8895249001854157,31402,2018-11-09,3,b1,p14,p14_sp02,noninversion,R3,removed,mix_E,2018
31402_1_2019,0.6489902884731079,-0.6364598223617628,31402,2019-11-01,1,b1,p14,p14_sp02,noninversion,R3,removed,mix_E,2019
31402_2_2019,0.41677826018517844,-1.0765825061020629,31402,2019-11-01,2,b1,p14,p14_sp02,noninversion,R3,removed,mix_E,2019
31402_3_2019,0.4834170815970159,-0.9437851269714264,31402,2019-11-01,3,b1,p14,p14_sp02,noninversion,R3,removed,mix_E,2019
31403_1_2018,-0.6774834825318373,0.29390386786047035,31403,2018-11-09,1,b1,p14,p14_sp03,noninversion,R3,removed,rad_M,2018
31403_2_2018,-0.3491586654132164,0.8037514743063562,31403,2018-11-09,2,b1,p14,p14_sp03,noninversion,R3,removed,rad_M,2018
31403_3_2018,-0.4066855660658292,0.7299414446613492,31403,2018-11-09,3,b1,p14,p14_sp03,noninversion,R3,removed,rad_M,2018
31403_1_2019,0.5200317374780283,0.4490672619275379,31403,2019-11-01,1,b1,p14,p14_sp03,noninversion,R3,removed,rad_M,2019
31403_2_2019,0.44390719616936863,0.6512596841355238,31403,2019-11-01,2,b1,p14,p14_sp03,noninversion,R3,removed,rad_M,2019
31403_3_2019,0.4420049666331921,0.7655037570852925,31403,2019-11-01,3,b1,p14,p14_sp03,noninversion,R3,removed,rad_M,2019
31404_1_2018,-0.8155115351195249,0.12585804193240654,31404,2018-11-09,1,b1,p14,p14_sp04,noninversion,R3,removed,rad_L,2018
31404_2_2018,-0.6465604239469185,0.3322663426900195,31404,2018-11-09,2,b1,p14,p14_sp04,noninversion,R3,removed,rad_L,2018
31404_3_2018,-0.4038586665272179,0.7058473227714862,31404,2018-11-09,3,b1,p14,p14_sp04,noninversion,R3,removed,rad_L,2018
31404_1_2019,0.7983767652868168,0.34060313775631296,31404,2019-11-01,1,b1,p14,p14_sp04,noninversion,R3,removed,rad_L,2019
31404_2_2019,0.6212013288054171,0.5148575321660473,31404,2019-11-01,2,b1,p14,p14_sp04,noninversion,R3,removed,rad_L,2019
31404_3_2019,0.9168434842500399,0.3011218383091645,31404,2019-11-01,3,b1,p14,p14_sp04,noninversion,R3,removed,rad_L,2019
31405_1_2018,-1.1051422774450108,-0.18088662476037118,31405,2018-11-09,1,b1,p14,p14_sp05,noninversion,R3,removed,mix_M,2018
31405_2_2018,-1.0776921247396243,-0.17627855745357812,31405,2018-11-09,2,b1,p14,p14_sp05,noninversion,R3,removed,mix_M,2018
31405_3_2018,-1.055603720169376,-0.2028150631714852,31405,2018-11-09,3,b1,p14,p14_sp05,noninversion,R3,removed,mix_M,2018
31405_1_2019,0.9920851326761068,-0.29505536242114955,31405,2019-11-01,1,b1,p14,p14_sp05,noninversion,R3,removed,mix_M,2019
31405_2_2019,0.7733749746167139,-0.5431421795245601,31405,2019-11-01,2,b1,p14,p14_sp05,noninversion,R3,removed,mix_M,2019
31405_3_2019,0.7513199713565831,-0.5034716336648241,31405,2019-11-01,3,b1,p14,p14_sp05,noninversion,R3,removed,mix_M,2019
31406_1_2018,-1.164590739687985,-0.3132769793859102,31406,2018-11-09,1,b1,p14,p14_sp06,noninversion,R3,removed,nocc,2018
31406_2_2018,-1.1839524585986547,-0.2011561718602229,31406,2018-11-09,2,b1,p14,p14_sp06,noninversion,R3,removed,nocc,2018
31406_3_2018,-1.0234862194323915,-0.16970903882979235,31406,2018-11-09,3,b1,p14,p14_sp06,noninversion,R3,removed,nocc,2018
31406_1_2019,1.076092517982823,-0.039213715349996806,31406,2019-11-01,1,b1,p14,p14_sp06,noninversion,R3,removed,nocc,2019
31406_2_2019,1.0649983739831737,-0.07587589587507323,31406,2019-11-01,2,b1,p14,p14_sp06,noninversion,R3,removed,nocc,2019
31406_3_2019,1.2132404611062677,-0.14705718226406528,31406,2019-11-01,3,b1,p14,p14_sp06,noninversion,R3,removed,nocc,2019
31502_1_2018,-1.1129884847941174,-0.2568393294889414,31502,2018-11-09,1,b1,p15,p15_sp02,notill,R3,removed,mix_E,2018
31502_2_2018,-0.9721325136187355,-0.2788373607762987,31502,2018-11-09,2,b1,p15,p15_sp02,notill,R3,removed,mix_E,2018
31502_3_2018,-0.6075322281270038,-0.6180771790630661,31502,2018-11-09,3,b1,p15,p15_sp02,notill,R3,removed,mix_E,2018
31502_1_2019,0.4992225261625019,-0.9475530201831164,31502,2019-11-01,1,b1,p15,p15_sp02,notill,R3,removed,mix_E,2019
31502_2_2019,0.5581327245726927,-0.8656507476520929,31502,2019-11-01,2,b1,p15,p15_sp02,notill,R3,removed,mix_E,2019
31502_3_2019,0.5571091475885301,-0.9641463688883264,31502,2019-11-01,3,b1,p15,p15_sp02,notill,R3,removed,mix_E,2019
31503_1_2018,-0.5022991074472263,0.5759032937899364,31503,2018-11-09,1,b1,p15,p15_sp03,notill,R3,removed,rad_M,2018
31503_2_2018,-0.4442143382685022,0.6700711456694762,31503,2018-11-09,2,b1,p15,p15_sp03,notill,R3,removed,rad_M,2018
31503_3_2018,-0.3495704285050314,0.9267053923567811,31503,2018-11-09,3,b1,p15,p15_sp03,notill,R3,removed,rad_M,2018
31503_1_2019,0.5733355850990125,0.5382866504078717,31503,2019-11-01,1,b1,p15,p15_sp03,notill,R3,removed,rad_M,2019
31503_2_2019,0.5022245308206907,0.6472548945233132,31503,2019-11-01,2,b1,p15,p15_sp03,notill,R3,removed,rad_M,2019
31503_3_2019,0.6426885063995551,0.46830996563060623,31503,2019-11-01,3,b1,p15,p15_sp03,notill,R3,removed,rad_M,2019
31504_1_2018,-0.7156286090325592,-0.3883606732015421,31504,2018-11-09,1,b1,p15,p15_sp04,notill,R3,removed,rad_L,2018
31504_2_2018,-0.815707085559324,-0.017732832349529496,31504,2018-11-09,2,b1,p15,p15_sp04,notill,R3,removed,rad_L,2018
31504_3_2018,-0.701835484180566,0.1787052000464572,31504,2018-11-09,3,b1,p15,p15_sp04,notill,R3,removed,rad_L,2018
31504_1_2019,0.9718896258646067,0.6591475200216281,31504,2019-11-01,1,b1,p15,p15_sp04,notill,R3,removed,rad_L,2019
31504_2_2019,0.7754734253888295,0.5137295497992314,31504,2019-11-01,2,b1,p15,p15_sp04,notill,R3,removed,rad_L,2019
31504_3_2019,0.7035033718128818,0.33050820868922975,31504,2019-11-01,3,b1,p15,p15_sp04,notill,R3,removed,rad_L,2019
31505_1_2018,-1.1567673172415722,-0.19734221497065763,31505,2018-11-09,1,b1,p15,p15_sp05,notill,R3,removed,mix_M,2018
31505_2_2018,-1.1712303165897968,-0.1992631343418645,31505,2018-11-09,2,b1,p15,p15_sp05,notill,R3,removed,mix_M,2018
31505_3_2018,-1.1823521107113688,-0.20144806818279726,31505,2018-11-09,3,b1,p15,p15_sp05,notill,R3,removed,mix_M,2018
31505_1_2019,1.0365024968912357,-0.24076809486374706,31505,2019-11-01,1,b1,p15,p15_sp05,notill,R3,removed,mix_M,2019
31505_2_2019,1.0725805639994461,-0.18878200343949902,31505,2019-11-01,2,b1,p15,p15_sp05,notill,R3,removed,mix_M,2019
31505_3_2019,1.1156716650148126,-0.08797702610576726,31505,2019-11-01,3,b1,p15,p15_sp05,notill,R3,removed,mix_M,2019
31506_1_2018,-1.188979337903677,-0.20260401266773473,31506,2018-11-09,1,b1,p15,p15_sp06,notill,R3,removed,nocc,2018
31506_2_2018,-1.1001522121187137,-0.17945611269244668,31506,2018-11-09,2,b1,p15,p15_sp06,notill,R3,removed,nocc,2018
31506_3_2018,-1.1414324334577581,-0.1965323236226747,31506,2018-11-09,3,b1,p15,p15_sp06,notill,R3,removed,nocc,2018
31506_1_2019,1.0943787123130557,-0.1580032109107868,31506,2019-11-01,1,b1,p15,p15_sp06,notill,R3,removed,nocc,2019
31506_2_2019,1.0949766563439653,-0.07690028464272214,31506,2019-11-01,2,b1,p15,p15_sp06,notill,R3,removed,nocc,2019
31506_3_2019,1.5357948346897796,0.17598778394493125,31506,2019-11-01,3,b1,p15,p15_sp06,notill,R3,removed,nocc,2019
31602_1_2018,-0.8566171213630556,-0.3162420259536329,31602,2018-11-09,1,b1,p16,p16_sp02,inversion,R3,removed,mix_E,2018
31602_2_2018,-0.85485001442018,-0.35172270697612107,31602,2018-11-09,2,b1,p16,p16_sp02,inversion,R3,removed,mix_E,2018
31602_3_2018,-0.6014785594274379,-0.5439350645610463,31602,2018-11-09,3,b1,p16,p16_sp02,inversion,R3,removed,mix_E,2018
31602_1_2019,0.22447851837899996,-1.3326940576633908,31602,2019-11-01,1,b1,p16,p16_sp02,inversion,R3,removed,mix_E,2019
31602_2_2019,0.5325485764274507,-0.949342209820555,31602,2019-11-01,2,b1,p16,p16_sp02,inversion,R3,removed,mix_E,2019
31602_3_2019,0.5473880300797509,-0.9882397405943717,31602,2019-11-01,3,b1,p16,p16_sp02,inversion,R3,removed,mix_E,2019
31603_1_2018,-0.38805919623776164,0.7271174265690826,31603,2018-11-09,1,b1,p16,p16_sp03,inversion,R3,removed,rad_M,2018
31603_2_2018,-0.44321521691016147,0.646901322881432,31603,2018-11-09,2,b1,p16,p16_sp03,inversion,R3,removed,rad_M,2018
31603_3_2018,-0.3794814359799203,0.7534889639475154,31603,2018-11-09,3,b1,p16,p16_sp03,inversion,R3,removed,rad_M,2018
31603_1_2019,0.24020903114732936,0.9008333411022146,31603,2019-11-01,1,b1,p16,p16_sp03,inversion,R3,removed,rad_M,2019
31603_2_2019,0.3017759548348965,0.8338793621437524,31603,2019-11-01,2,b1,p16,p16_sp03,inversion,R3,removed,rad_M,2019
31603_3_2019,0.2407249029290905,0.9016061689805991,31603,2019-11-01,3,b1,p16,p16_sp03,inversion,R3,removed,rad_M,2019
31604_1_2018,-0.5645204215625199,0.4660672606213215,31604,2018-11-09,1,b1,p16,p16_sp04,inversion,R3,removed,rad_L,2018
31604_2_2018,-0.700897022452588,0.26683255803274397,31604,2018-11-09,2,b1,p16,p16_sp04,inversion,R3,removed,rad_L,2018
31604_3_2018,-0.7209784082552685,0.22319754820502974,31604,2018-11-09,3,b1,p16,p16_sp04,inversion,R3,removed,rad_L,2018
31604_1_2019,0.7579866496900561,0.528678693626856,31604,2019-11-01,1,b1,p16,p16_sp04,inversion,R3,removed,rad_L,2019
31604_2_2019,0.5506169820259094,0.7870897864872004,31604,2019-11-01,2,b1,p16,p16_sp04,inversion,R3,removed,rad_L,2019
31604_3_2019,0.38464540018682136,0.8435570732922472,31604,2019-11-01,3,b1,p16,p16_sp04,inversion,R3,removed,rad_L,2019
31605_1_2018,-0.7799706178393108,0.163044970001056,31605,2018-11-09,1,b1,p16,p16_sp05,inversion,R3,removed,mix_M,2018
31605_2_2018,-0.8971650924436494,-0.32949678798357,31605,2018-11-09,2,b1,p16,p16_sp05,inversion,R3,removed,mix_M,2018
31605_3_2018,-0.8362590000892143,-0.33056724553124317,31605,2018-11-09,3,b1,p16,p16_sp05,inversion,R3,removed,mix_M,2018
31605_1_2019,0.8886634906648619,-0.32000134258240187,31605,2019-11-01,1,b1,p16,p16_sp05,inversion,R3,removed,mix_M,2019
31605_2_2019,0.8359524171863566,-0.7094965987029077,31605,2019-11-01,2,b1,p16,p16_sp05,inversion,R3,removed,mix_M,2019
31605_3_2019,0.8863683424568118,-0.4469878203135273,31605,2019-11-01,3,b1,p16,p16_sp05,inversion,R3,removed,mix_M,2019
31606_1_2018,-1.1281663361072949,-0.1926297436191034,31606,2018-11-09,1,b1,p16,p16_sp06,inversion,R3,removed,nocc,2018
31606_2_2018,-1.1514236441086496,-0.1980256434291107,31606,2018-11-09,2,b1,p16,p16_sp06,inversion,R3,removed,nocc,2018
31606_3_2018,-0.9456560286668056,-0.2659457292506779,31606,2018-11-09,3,b1,p16,p16_sp06,inversion,R3,removed,nocc,2018
31606_1_2019,1.189832102431,-0.07080161640986704,31606,2019-11-01,1,b1,p16,p16_sp06,inversion,R3,removed,nocc,2019
31606_2_2019,1.3326169600661795,-0.09915577313226268,31606,2019-11-01,2,b1,p16,p16_sp06,inversion,R3,removed,nocc,2019
31606_3_2019,1.5731107072994923,0.19208532400154915,31606,2019-11-01,3,b1,p16,p16_sp06,inversion,R3,removed,nocc,2019
31801_1_2018,-0.3428565878350479,0.8839393509385528,31801,2018-11-09,1,b2,p18,p18_sp01,inversion,R3,removed,rad_M,2018
31801_2_2018,-0.4041341378781052,0.7687656114478116,31801,2018-11-09,2,b2,p18,p18_sp01,inversion,R3,removed,rad_M,2018
31801_3_2018,-0.059307248035275276,1.1677862336399398,31801,2018-11-09,3,b2,p18,p18_sp01,inversion,R3,removed,rad_M,2018
31801_1_2019,0.29636077682336287,0.8295143607888922,31801,2019-11-01,1,b2,p18,p18_sp01,inversion,R3,removed,rad_M,2019
31801_2_2019,0.36015313704980895,0.7662871763930698,31801,2019-11-01,2,b2,p18,p18_sp01,inversion,R3,removed,rad_M,2019
31801_3_2019,0.29580477601060606,0.8375138610701517,31801,2019-11-01,3,b2,p18,p18_sp01,inversion,R3,removed,rad_M,2019
31802_1_2018,-0.7243186177286896,-0.45962770756723276,31802,2018-11-09,1,b2,p18,p18_sp02,inversion,R3,removed,mix_E,2018
31802_2_2018,-0.8724480782421851,-0.32672731751158607,31802,2018-11-09,2,b2,p18,p18_sp02,inversion,R3,removed,mix_E,2018
31802_3_2018,-0.6248370218001583,-0.5582005293945621,31802,2018-11-09,3,b2,p18,p18_sp02,inversion,R3,removed,mix_E,2018
31802_1_2019,0.48535508170468034,-1.0294629808872964,31802,2019-11-01,1,b2,p18,p18_sp02,inversion,R3,removed,mix_E,2019
31802_2_2019,0.26441368923198877,-1.3336708940015696,31802,2019-11-01,2,b2,p18,p18_sp02,inversion,R3,removed,mix_E,2019
31802_3_2019,0.2216574388659125,-1.3523588125023145,31802,2019-11-01,3,b2,p18,p18_sp02,inversion,R3,removed,mix_E,2019
31803_1_2018,-1.1526048705250505,-0.19797326665845025,31803,2018-11-09,1,b2,p18,p18_sp03,inversion,R3,removed,nocc,2018
31803_2_2018,-1.2260616543687215,-0.20141020953623484,31803,2018-11-09,2,b2,p18,p18_sp03,inversion,R3,removed,nocc,2018
31803_3_2018,-1.006560545863213,-0.2678485588858531,31803,2018-11-09,3,b2,p18,p18_sp03,inversion,R3,removed,nocc,2018
31803_1_2019,1.6703211761375085,0.08039361808422053,31803,2019-11-01,1,b2,p18,p18_sp03,inversion,R3,removed,nocc,2019
31803_2_2019,1.5369386381504067,-0.38874458133345796,31803,2019-11-01,2,b2,p18,p18_sp03,inversion,R3,removed,nocc,2019
31803_3_2019,1.6610313660681468,0.04621569603322143,31803,2019-11-01,3,b2,p18,p18_sp03,inversion,R3,removed,nocc,2019
31805_1_2018,-1.0676849786241382,-0.18657119713129836,31805,2018-11-09,1,b2,p18,p18_sp05,inversion,R3,removed,mix_M,2018
31805_2_2018,-1.0423543420373766,-0.2531622153581067,31805,2018-11-09,2,b2,p18,p18_sp05,inversion,R3,removed,mix_M,2018
31805_3_2018,-0.8336249959165917,-0.4249065785154176,31805,2018-11-09,3,b2,p18,p18_sp05,inversion,R3,removed,mix_M,2018
31805_1_2019,0.7039139772116015,-0.6335010590501128,31805,2019-11-01,1,b2,p18,p18_sp05,inversion,R3,removed,mix_M,2019
31805_2_2019,0.8148355494757984,-0.4764555258414781,31805,2019-11-01,2,b2,p18,p18_sp05,inversion,R3,removed,mix_M,2019
31805_3_2019,0.6763584583845037,-0.6003190635681942,31805,2019-11-01,3,b2,p18,p18_sp05,inversion,R3,removed,mix_M,2019
31806_1_2018,-0.4657988798130452,0.6103185708618677,31806,2018-11-09,1,b2,p18,p18_sp06,inversion,R3,removed,rad_L,2018
31806_2_2018,-0.5484203673408613,0.49872073991412996,31806,2018-11-09,2,b2,p18,p18_sp06,inversion,R3,removed,rad_L,2018
31806_3_2018,-0.3144497140512043,0.8539483799959157,31806,2018-11-09,3,b2,p18,p18_sp06,inversion,R3,removed,rad_L,2018
31806_1_2019,0.5642365846201838,0.505771620544294,31806,2019-11-01,1,b2,p18,p18_sp06,inversion,R3,removed,rad_L,2019
31806_2_2019,0.6135796750242594,0.5364319084646533,31806,2019-11-01,2,b2,p18,p18_sp06,inversion,R3,removed,rad_L,2019
31806_3_2019,0.5205590986313443,0.5832615228899751,31806,2019-11-01,3,b2,p18,p18_sp06,inversion,R3,removed,rad_L,2019
31901_1_2018,-0.13963940647881648,1.1940501653853928,31901,2018-11-09,1,b2,p19,p19_sp01,noninversion,R3,removed,rad_M,2018
31901_2_2018,-0.2989986389901716,0.9783284857371782,31901,2018-11-09,2,b2,p19,p19_sp01,noninversion,R3,removed,rad_M,2018
31901_3_2018,-0.2315187502086069,1.1077901814226294,31901,2018-11-09,3,b2,p19,p19_sp01,noninversion,R3,removed,rad_M,2018
31901_1_2019,0.02855031341951664,1.1529589347327915,31901,2019-11-01,1,b2,p19,p19_sp01,noninversion,R3,removed,rad_M,2019
31901_2_2019,0.02406518357272788,1.1353591351381742,31901,2019-11-01,2,b2,p19,p19_sp01,noninversion,R3,removed,rad_M,2019
31901_3_2019,0.0675038843880008,1.1156199460834093,31901,2019-11-01,3,b2,p19,p19_sp01,noninversion,R3,removed,rad_M,2019
31902_1_2018,-0.32999017684946114,-0.8337750632399045,31902,2018-11-09,1,b2,p19,p19_sp02,noninversion,R3,removed,mix_E,2018
31902_2_2018,-0.376112098843582,-0.7327392182750891,31902,2018-11-09,2,b2,p19,p19_sp02,noninversion,R3,removed,mix_E,2018
31902_3_2018,-0.34727078169308734,-0.8154122998190457,31902,2018-11-09,3,b2,p19,p19_sp02,noninversion,R3,removed,mix_E,2018
31902_1_2019,0.4790586429459645,-0.961314709524801,31902,2019-11-01,1,b2,p19,p19_sp02,noninversion,R3,removed,mix_E,2019
31902_2_2019,0.32539970636209214,-1.2175146741623755,31902,2019-11-01,2,b2,p19,p19_sp02,noninversion,R3,removed,mix_E,2019
31902_3_2019,0.45334639251844355,-0.9982213975174221,31902,2019-11-01,3,b2,p19,p19_sp02,noninversion,R3,removed,mix_E,2019
31903_1_2018,-0.9991858822365071,-0.28237869261989007,31903,2018-11-09,1,b2,p19,p19_sp03,noninversion,R3,removed,nocc,2018
31903_2_2018,-1.0073458688142536,-0.28349127174675093,31903,2018-11-09,2,b2,p19,p19_sp03,noninversion,R3,removed,nocc,2018
31903_3_2018,-1.1661542610505307,-0.1980511695128933,31903,2018-11-09,3,b2,p19,p19_sp03,noninversion,R3,removed,nocc,2018
31903_1_2019,1.607528686628541,0.16340837920108986,31903,2019-11-01,1,b2,p19,p19_sp03,noninversion,R3,removed,nocc,2019
31903_2_2019,1.6016024472543937,0.32960273333152396,31903,2019-11-01,2,b2,p19,p19_sp03,noninversion,R3,removed,nocc,2019
31903_3_2019,1.659860683522726,0.29926114537624693,31903,2019-11-01,3,b2,p19,p19_sp03,noninversion,R3,removed,nocc,2019
31905_1_2018,-1.0019481296490003,-0.1373535524486843,31905,2018-11-09,1,b2,p19,p19_sp05,noninversion,R3,removed,mix_M,2018
31905_2_2018,-1.1196539992465693,-0.22694742439478752,31905,2018-11-09,2,b2,p19,p19_sp05,noninversion,R3,removed,mix_M,2018
31905_3_2018,-1.1108672680485003,-0.184448987700511,31905,2018-11-09,3,b2,p19,p19_sp05,noninversion,R3,removed,mix_M,2018
31905_1_2019,0.7540399781851503,-0.531803900343054,31905,2019-11-01,1,b2,p19,p19_sp05,noninversion,R3,removed,mix_M,2019
31905_2_2019,0.6384750113628161,-0.6892004975238657,31905,2019-11-01,2,b2,p19,p19_sp05,noninversion,R3,removed,mix_M,2019
31905_3_2019,0.40613398165959264,-1.0104858808932538,31905,2019-11-01,3,b2,p19,p19_sp05,noninversion,R3,removed,mix_M,2019
31906_1_2018,-0.487139525655366,0.5986132673845564,31906,2018-11-09,1,b2,p19,p19_sp06,noninversion,R3,removed,rad_L,2018
31906_2_2018,-0.6228698536074377,0.3616945632134556,31906,2018-11-09,2,b2,p19,p19_sp06,noninversion,R3,removed,rad_L,2018
31906_3_2018,-0.6508040566194725,0.32303216003360935,31906,2018-11-09,3,b2,p19,p19_sp06,noninversion,R3,removed,rad_L,2018
31906_1_2019,0.27454448273317633,0.8762207879241954,31906,2019-11-01,1,b2,p19,p19_sp06,noninversion,R3,removed,rad_L,2019
31906_2_2019,0.35631428901886,0.7917129185740193,31906,2019-11-01,2,b2,p19,p19_sp06,noninversion,R3,removed,rad_L,2019
31906_3_2019,0.2886343839458406,0.8470589243725971,31906,2019-11-01,3,b2,p19,p19_sp06,noninversion,R3,removed,rad_L,2019
32001_1_2018,-0.1615948397308453,1.2234826421848135,32001,2018-11-09,1,b2,p20,p20_sp01,notill,R3,removed,rad_M,2018
32001_2_2018,-0.3031494440516427,1.0125101996791424,32001,2018-11-09,2,b2,p20,p20_sp01,notill,R3,removed,rad_M,2018
32001_3_2018,-0.14030675941821757,1.3007260729793755,32001,2018-11-09,3,b2,p20,p20_sp01,notill,R3,removed,rad_M,2018
32001_1_2019,0.0690197804655545,1.1472385144261745,32001,2019-11-01,1,b2,p20,p20_sp01,notill,R3,removed,rad_M,2019
32001_2_2019,0.3874701444540994,0.7338935562251736,32001,2019-11-01,2,b2,p20,p20_sp01,notill,R3,removed,rad_M,2019
32001_3_2019,0.060197176256388735,1.1174610186422482,32001,2019-11-01,3,b2,p20,p20_sp01,notill,R3,removed,rad_M,2019
32002_1_2018,-1.1343925067888743,-0.23885578214797354,32002,2018-11-09,1,b2,p20,p20_sp02,notill,R3,removed,mix_E,2018
32002_2_2018,-1.343379234744218,0.35169047103581724,32002,2018-11-09,2,b2,p20,p20_sp02,notill,R3,removed,mix_E,2018
32002_3_2018,-0.6054340845172995,-0.6405778434145692,32002,2018-11-09,3,b2,p20,p20_sp02,notill,R3,removed,mix_E,2018
32002_1_2019,0.3143865707630688,-1.2514205235340237,32002,2019-11-01,1,b2,p20,p20_sp02,notill,R3,removed,mix_E,2019
32002_2_2019,0.19863022529447472,-1.333599951637174,32002,2019-11-01,2,b2,p20,p20_sp02,notill,R3,removed,mix_E,2019
32002_3_2019,0.3802097589178997,-1.1242832836709478,32002,2019-11-01,3,b2,p20,p20_sp02,notill,R3,removed,mix_E,2019
32003_1_2018,-1.3287535553344505,-0.1940151018979763,32003,2018-11-09,1,b2,p20,p20_sp03,notill,R3,removed,nocc,2018
32003_2_2018,-1.1787168363304588,-0.20072410791565157,32003,2018-11-09,2,b2,p20,p20_sp03,notill,R3,removed,nocc,2018
32003_3_2018,-1.1246930753009408,-0.23257848495451297,32003,2018-11-09,3,b2,p20,p20_sp03,notill,R3,removed,nocc,2018
32003_1_2019,1.1397637991917433,0.036133614746807444,32003,2019-11-01,1,b2,p20,p20_sp03,notill,R3,removed,nocc,2019
32003_2_2019,1.106115405750379,0.14522005980482158,32003,2019-11-01,2,b2,p20,p20_sp03,notill,R3,removed,nocc,2019
32003_3_2019,1.3180162488913882,0.32766261467584407,32003,2019-11-01,3,b2,p20,p20_sp03,notill,R3,removed,nocc,2019
32005_1_2018,-1.1787168363304577,-0.20072410791565581,32005,2018-11-09,1,b2,p20,p20_sp05,notill,R3,removed,mix_M,2018
32005_2_2018,-1.1168509387335854,-0.18813455256963044,32005,2018-11-09,2,b2,p20,p20_sp05,notill,R3,removed,mix_M,2018
32005_3_2018,-1.220258847671182,-0.2009655452485631,32005,2018-11-09,3,b2,p20,p20_sp05,notill,R3,removed,mix_M,2018
32005_1_2019,0.9796902886314358,-0.2585980470918259,32005,2019-11-01,1,b2,p20,p20_sp05,notill,R3,removed,mix_M,2019
32005_2_2019,0.9240561633998804,-0.3350214820417052,32005,2019-11-01,2,b2,p20,p20_sp05,notill,R3,removed,mix_M,2019
32005_3_2019,0.7738469815791614,-0.49576400360398537,32005,2019-11-01,3,b2,p20,p20_sp05,notill,R3,removed,mix_M,2019
32006_1_2018,-0.6549091937597421,0.3182925712573271,32006,2018-11-09,1,b2,p20,p20_sp06,notill,R3,removed,rad_L,2018
32006_2_2018,-1.0111786139104648,-0.017090950961156058,32006,2018-11-09,2,b2,p20,p20_sp06,notill,R3,removed,rad_L,2018
32006_3_2018,-0.2588740816384136,0.8376384922063701,32006,2018-11-09,3,b2,p20,p20_sp06,notill,R3,removed,rad_L,2018
32006_1_2019,0.4671630355206033,0.6171758570746685,32006,2019-11-01,1,b2,p20,p20_sp06,notill,R3,removed,rad_L,2019
32006_2_2019,0.5370128003873845,0.5659906447389381,32006,2019-11-01,2,b2,p20,p20_sp06,notill,R3,removed,rad_L,2019
32006_3_2019,0.06901978046560144,1.1472385144260722,32006,2019-11-01,3,b2,p20,p20_sp06,notill,R3,removed,rad_L,2019
32601_1_2018,-0.44740993916688476,0.7174170037450417,32601,2018-11-09,1,b2,p26,p26_sp01,notill,R4,retained,rad_M,2018
32601_2_2018,-0.5196792741327562,0.5469291804945702,32601,2018-11-09,2,b2,p26,p26_sp01,notill,R4,retained,rad_M,2018
32601_3_2018,-0.28140573480660486,1.1304695092577606,32601,2018-11-09,3,b2,p26,p26_sp01,notill,R4,retained,rad_M,2018
32601_1_2019,0.3253338447082177,0.7978650721591024,32601,2019-11-01,1,b2,p26,p26_sp01,notill,R4,retained,rad_M,2019
32601_2_2019,0.50933950532557,0.5952434304261517,32601,2019-11-01,2,b2,p26,p26_sp01,notill,R4,retained,rad_M,2019
32601_3_2019,0.16033631958702116,1.033140105861253,32601,2019-11-01,3,b2,p26,p26_sp01,notill,R4,retained,rad_M,2019
32602_1_2018,-1.2335798579200226,-0.20073408708022003,32602,2018-11-09,1,b2,p26,p26_sp02,notill,R4,retained,mix_E,2018
32602_2_2018,-0.9498330088891014,-0.3307760613704343,32602,2018-11-09,2,b2,p26,p26_sp02,notill,R4,retained,mix_E,2018
32602_3_2018,-0.8971527697450385,-0.30106815162909606,32602,2018-11-09,3,b2,p26,p26_sp02,notill,R4,retained,mix_E,2018
32602_1_2019,0.46163010157013773,-0.9737584289392811,32602,2019-11-01,1,b2,p26,p26_sp02,notill,R4,retained,mix_E,2019
32602_2_2019,0.5854395122243155,-0.7799134131096859,32602,2019-11-01,2,b2,p26,p26_sp02,notill,R4,retained,mix_E,2019
32602_3_2019,0.31747971019371746,-1.248114956680228,32602,2019-11-01,3,b2,p26,p26_sp02,notill,R4,retained,mix_E,2019
32603_1_2018,-1.2603436672532344,-0.197611519693972,32603,2018-11-09,1,b2,p26,p26_sp03,notill,R4,retained,nocc,2018
32603_2_2018,-1.2717474605810013,-0.19891280969428932,32603,2018-11-09,2,b2,p26,p26_sp03,notill,R4,retained,nocc,2018
32603_3_2018,-1.1661542610505307,-0.19805116951289314,32603,2018-11-09,3,b2,p26,p26_sp03,notill,R4,retained,nocc,2018
32603_1_2019,1.3308557988925842,-0.006923179140578658,32603,2019-11-01,1,b2,p26,p26_sp03,notill,R4,retained,nocc,2019
32603_2_2019,1.1734844153320039,-0.11946258503978675,32603,2019-11-01,2,b2,p26,p26_sp03,notill,R4,retained,nocc,2019
32603_3_2019,1.1808343218274933,-0.09404876206377132,32603,2019-11-01,3,b2,p26,p26_sp03,notill,R4,retained,nocc,2019
32605_1_2018,-1.1787168363304585,-0.20072410791565276,32605,2018-11-09,1,b2,p26,p26_sp05,notill,R4,retained,mix_M,2018
32605_2_2018,-1.1394886946456366,-0.19524736256920838,32605,2018-11-09,2,b2,p26,p26_sp05,notill,R4,retained,mix_M,2018
32605_3_2018,-0.791303246404657,-0.4192585328026419,32605,2018-11-09,3,b2,p26,p26_sp05,notill,R4,retained,mix_M,2018
32605_1_2019,1.0946200448781354,-0.21649947089608,32605,2019-11-01,1,b2,p26,p26_sp05,notill,R4,retained,mix_M,2019
32605_2_2019,0.9788795378922311,-0.33509615936186027,32605,2019-11-01,2,b2,p26,p26_sp05,notill,R4,retained,mix_M,2019
32605_3_2019,1.1433443941255736,-0.232234154572302,32605,2019-11-01,3,b2,p26,p26_sp05,notill,R4,retained,mix_M,2019
32606_1_2018,-0.7305270415577308,0.2117132450133708,32606,2018-11-09,1,b2,p26,p26_sp06,notill,R4,retained,rad_L,2018
32606_2_2018,-0.5170685923112555,0.5721400771064167,32606,2018-11-09,2,b2,p26,p26_sp06,notill,R4,retained,rad_L,2018
32606_3_2018,-0.2097394578440597,1.173025497745055,32606,2018-11-09,3,b2,p26,p26_sp06,notill,R4,retained,rad_L,2018
32606_1_2019,1.1108969459605347,0.1775096031016236,32606,2019-11-01,1,b2,p26,p26_sp06,notill,R4,retained,rad_L,2019
32606_2_2019,1.190790212167519,0.17689722379679218,32606,2019-11-01,2,b2,p26,p26_sp06,notill,R4,retained,rad_L,2019
32606_3_2019,0.916612811595643,0.2881173765700001,32606,2019-11-01,3,b2,p26,p26_sp06,notill,R4,retained,rad_L,2019
32701_1_2018,-0.3063244363802436,1.0719233849245569,32701,2018-11-09,1,b2,p27,p27_sp01,noninversion,R4,retained,rad_M,2018
32701_2_2018,-0.42096653575863185,0.7572377533566435,32701,2018-11-09,2,b2,p27,p27_sp01,noninversion,R4,retained,rad_M,2018
32701_3_2018,-0.09185848200721587,1.19710718336432,32701,2018-11-09,3,b2,p27,p27_sp01,noninversion,R4,retained,rad_M,2018
32701_1_2019,0.3417921403660676,0.7759674085647505,32701,2019-11-01,1,b2,p27,p27_sp01,noninversion,R4,retained,rad_M,2019
32701_2_2019,0.48780237628807604,0.6223442602698271,32701,2019-11-01,2,b2,p27,p27_sp01,noninversion,R4,retained,rad_M,2019
32701_3_2019,0.5176866557327707,0.5478622224678252,32701,2019-11-01,3,b2,p27,p27_sp01,noninversion,R4,retained,rad_M,2019
32702_1_2018,-1.1916787672318037,-0.203844224414845,32702,2018-11-09,1,b2,p27,p27_sp02,noninversion,R4,retained,mix_E,2018
32702_2_2018,-0.9421266738482892,-0.2906337327376471,32702,2018-11-09,2,b2,p27,p27_sp02,noninversion,R4,retained,mix_E,2018
32702_3_2018,-0.4234992856710237,-0.7706470492685826,32702,2018-11-09,3,b2,p27,p27_sp02,noninversion,R4,retained,mix_E,2018
32702_1_2019,0.3650910865936023,-1.1758935490422868,32702,2019-11-01,1,b2,p27,p27_sp02,noninversion,R4,retained,mix_E,2019
32702_2_2019,0.47233197670855204,-1.0053479032814554,32702,2019-11-01,2,b2,p27,p27_sp02,noninversion,R4,retained,mix_E,2019
32702_3_2019,0.2925961921933803,-1.2785267526242026,32702,2019-11-01,3,b2,p27,p27_sp02,noninversion,R4,retained,mix_E,2019
32703_1_2018,-1.2335798579200143,-0.20073408708026136,32703,2018-11-09,1,b2,p27,p27_sp03,noninversion,R4,retained,nocc,2018
32703_2_2018,-1.0968122014123598,-0.2351874226105343,32703,2018-11-09,2,b2,p27,p27_sp03,noninversion,R4,retained,nocc,2018
32703_3_2018,-1.113376024925111,-0.29793028771123936,32703,2018-11-09,3,b2,p27,p27_sp03,noninversion,R4,retained,nocc,2018
32703_1_2019,1.496851507226684,0.06333816775946144,32703,2019-11-01,1,b2,p27,p27_sp03,noninversion,R4,retained,nocc,2019
32703_2_2019,1.144714036757922,-0.1407616050452028,32703,2019-11-01,2,b2,p27,p27_sp03,noninversion,R4,retained,nocc,2019
32703_3_2019,1.1773844782530356,-0.24330566188947256,32703,2019-11-01,3,b2,p27,p27_sp03,noninversion,R4,retained,nocc,2019
32705_1_2018,-1.1359613919071205,-0.19400662600496468,32705,2018-11-09,1,b2,p27,p27_sp05,noninversion,R4,retained,mix_M,2018
32705_2_2018,-1.1275755898062676,-0.19275870636108,32705,2018-11-09,2,b2,p27,p27_sp05,noninversion,R4,retained,mix_M,2018
32705_3_2018,-1.1256432819557722,-0.2342570186123367,32705,2018-11-09,3,b2,p27,p27_sp05,noninversion,R4,retained,mix_M,2018
32705_1_2019,1.0970138276729102,-0.28504702731215575,32705,2019-11-01,1,b2,p27,p27_sp05,noninversion,R4,retained,mix_M,2019
32705_2_2019,0.9423467060219929,-0.412991328295407,32705,2019-11-01,2,b2,p27,p27_sp05,noninversion,R4,retained,mix_M,2019
32705_3_2019,0.975822320166158,-0.36056940669281107,32705,2019-11-01,3,b2,p27,p27_sp05,noninversion,R4,retained,mix_M,2019
32706_1_2018,-0.7576254849039248,0.1842008076918599,32706,2018-11-09,1,b2,p27,p27_sp06,noninversion,R4,retained,rad_L,2018
32706_2_2018,-1.0726307675883906,-0.17103509404861234,32706,2018-11-09,2,b2,p27,p27_sp06,noninversion,R4,retained,rad_L,2018
32706_3_2018,-0.6126600033548416,0.37841116684828174,32706,2018-11-09,3,b2,p27,p27_sp06,noninversion,R4,retained,rad_L,2018
32706_1_2019,1.1401179138508193,0.14714874441055126,32706,2019-11-01,1,b2,p27,p27_sp06,noninversion,R4,retained,rad_L,2019
32706_2_2019,1.01966033647882,-0.10546003864566349,32706,2019-11-01,2,b2,p27,p27_sp06,noninversion,R4,retained,rad_L,2019
32706_3_2019,0.9933899509648981,0.10840807838195113,32706,2019-11-01,3,b2,p27,p27_sp06,noninversion,R4,retained,rad_L,2019
32801_1_2018,-0.5728810175437575,0.45512127093341687,32801,2018-11-09,1,b2,p28,p28_sp01,inversion,R4,retained,rad_M,2018
32801_2_2018,-0.2318646004147682,1.1306191181665297,32801,2018-11-09,2,b2,p28,p28_sp01,inversion,R4,retained,rad_M,2018
32801_3_2018,-0.3154764416702849,1.0634925673130273,32801,2018-11-09,3,b2,p28,p28_sp01,inversion,R4,retained,rad_M,2018
32801_1_2019,0.39818161603564955,0.7068103277968102,32801,2019-11-01,1,b2,p28,p28_sp01,inversion,R4,retained,rad_M,2019
32801_2_2019,0.33671137335230567,0.7140114354839473,32801,2019-11-01,2,b2,p28,p28_sp01,inversion,R4,retained,rad_M,2019
32801_3_2019,0.644040892430503,0.466514339626064,32801,2019-11-01,3,b2,p28,p28_sp01,inversion,R4,retained,rad_M,2019
32802_1_2018,-0.9875721158574556,-0.26880283203344135,32802,2018-11-09,1,b2,p28,p28_sp02,inversion,R4,retained,mix_E,2018
32802_2_2018,-0.8768202276725938,-0.3395037184495604,32802,2018-11-09,2,b2,p28,p28_sp02,inversion,R4,retained,mix_E,2018
32802_3_2018,-0.7863887123768754,-0.41574399564427017,32802,2018-11-09,3,b2,p28,p28_sp02,inversion,R4,retained,mix_E,2018
32802_1_2019,0.3287976673200801,-1.3539260951575516,32802,2019-11-01,1,b2,p28,p28_sp02,inversion,R4,retained,mix_E,2019
32802_2_2019,0.45493787506179584,-1.1175119829310431,32802,2019-11-01,2,b2,p28,p28_sp02,inversion,R4,retained,mix_E,2019
32802_3_2019,0.44190649235271684,-1.0528812443664888,32802,2019-11-01,3,b2,p28,p28_sp02,inversion,R4,retained,mix_E,2019
32803_1_2018,-1.1916787672318037,-0.20384422441484518,32803,2018-11-09,1,b2,p28,p28_sp03,inversion,R4,retained,nocc,2018
32803_2_2018,-1.2468732473933386,-0.1991603737726794,32803,2018-11-09,2,b2,p28,p28_sp03,inversion,R4,retained,nocc,2018
32803_3_2018,-1.1661542610505307,-0.19805116951289325,32803,2018-11-09,3,b2,p28,p28_sp03,inversion,R4,retained,nocc,2018
32803_1_2019,1.3472263139966951,-0.023837374285721823,32803,2019-11-01,1,b2,p28,p28_sp03,inversion,R4,retained,nocc,2019
32803_2_2019,1.481742552483278,-0.07994948443482681,32803,2019-11-01,2,b2,p28,p28_sp03,inversion,R4,retained,nocc,2019
32803_3_2019,1.3217090819545703,0.04684827382981079,32803,2019-11-01,3,b2,p28,p28_sp03,inversion,R4,retained,nocc,2019
32805_1_2018,-1.0893328009245076,-0.21250534526497852,32805,2018-11-09,1,b2,p28,p28_sp05,inversion,R4,retained,mix_M,2018
32805_2_2018,-1.0976255701119753,-0.17793092906395333,32805,2018-11-09,2,b2,p28,p28_sp05,inversion,R4,retained,mix_M,2018
32805_3_2018,-1.1661542610505307,-0.19805116951289314,32805,2018-11-09,3,b2,p28,p28_sp05,inversion,R4,retained,mix_M,2018
32805_1_2019,1.1523077138308448,-0.06970348670455764,32805,2019-11-01,1,b2,p28,p28_sp05,inversion,R4,retained,mix_M,2019
32805_2_2019,0.885734774488904,-0.34413733272985797,32805,2019-11-01,2,b2,p28,p28_sp05,inversion,R4,retained,mix_M,2019
32805_3_2019,0.951863677065814,-0.33680149724814046,32805,2019-11-01,3,b2,p28,p28_sp05,inversion,R4,retained,mix_M,2019
32806_1_2018,-0.8278277187435277,0.10224432941615597,32806,2018-11-09,1,b2,p28,p28_sp06,inversion,R4,retained,rad_L,2018
32806_2_2018,-0.844026218856457,0.08572593684224339,32806,2018-11-09,2,b2,p28,p28_sp06,inversion,R4,retained,rad_L,2018
32806_3_2018,-0.8135019695555563,0.15171848661862142,32806,2018-11-09,3,b2,p28,p28_sp06,inversion,R4,retained,rad_L,2018
32806_1_2019,0.8760202651233113,0.2338774386669748,32806,2019-11-01,1,b2,p28,p28_sp06,inversion,R4,retained,rad_L,2019
32806_2_2019,1.0836887008246694,0.016344265365774133,32806,2019-11-01,2,b2,p28,p28_sp06,inversion,R4,retained,rad_L,2019
32806_3_2019,0.8151974206155882,0.33662691943742923,32806,2019-11-01,3,b2,p28,p28_sp06,inversion,R4,retained,rad_L,2019
34101_1_2018,-0.8106637407132059,-0.4317752454946737,34101,2018-11-09,1,b3,p41,p41_sp01,inversion,R3,removed,nocc,2018
34101_2_2018,-0.9849277155851328,-0.2627245320740468,34101,2018-11-09,2,b3,p41,p41_sp01,inversion,R3,removed,nocc,2018
34101_3_2018,-0.9856301389651264,-0.29550799404634326,34101,2018-11-09,3,b3,p41,p41_sp01,inversion,R3,removed,nocc,2018
34101_1_2019,1.0099069425179301,-0.1482026288695091,34101,2019-11-01,1,b3,p41,p41_sp01,inversion,R3,removed,nocc,2019
34101_2_2019,1.1293861117779775,-0.1371266397293599,34101,2019-11-01,2,b3,p41,p41_sp01,inversion,R3,removed,nocc,2019
34101_3_2019,1.3118604587120404,0.016146156739620745,34101,2019-11-01,3,b3,p41,p41_sp01,inversion,R3,removed,nocc,2019
34102_1_2018,-0.7672299068855377,-0.4617211681255641,34102,2018-11-09,1,b3,p41,p41_sp02,inversion,R3,removed,mix_E,2018
34102_2_2018,-0.8163456047163736,-0.39906747461022907,34102,2018-11-09,2,b3,p41,p41_sp02,inversion,R3,removed,mix_E,2018
34102_3_2018,-0.5299935014363385,-0.6381446614976214,34102,2018-11-09,3,b3,p41,p41_sp02,inversion,R3,removed,mix_E,2018
34102_1_2019,0.510748556956447,-1.0017807623514612,34102,2019-11-01,1,b3,p41,p41_sp02,inversion,R3,removed,mix_E,2019
34102_2_2019,0.4877082926341674,-1.0432827324043361,34102,2019-11-01,2,b3,p41,p41_sp02,inversion,R3,removed,mix_E,2019
34102_3_2019,0.6114863858779179,-0.7794045615984663,34102,2019-11-01,3,b3,p41,p41_sp02,inversion,R3,removed,mix_E,2019
34103_1_2018,-0.3557785986949964,0.8737213953179859,34103,2018-11-09,1,b3,p41,p41_sp03,inversion,R3,removed,rad_M,2018
34103_2_2018,-0.43299043261828823,0.7798917703874947,34103,2018-11-09,2,b3,p41,p41_sp03,inversion,R3,removed,rad_M,2018
34103_3_2018,-0.15600132155335258,1.269314619581842,34103,2018-11-09,3,b3,p41,p41_sp03,inversion,R3,removed,rad_M,2018
34103_1_2019,0.5663899247890448,0.5655773323734,34103,2019-11-01,1,b3,p41,p41_sp03,inversion,R3,removed,rad_M,2019
34103_2_2019,0.2961752827690848,0.8158497900437696,34103,2019-11-01,2,b3,p41,p41_sp03,inversion,R3,removed,rad_M,2019
34103_3_2019,0.2132848399623686,0.8866313246364759,34103,2019-11-01,3,b3,p41,p41_sp03,inversion,R3,removed,rad_M,2019
34104_1_2018,-0.5748504307386016,0.45331589348526385,34104,2018-11-09,1,b3,p41,p41_sp04,inversion,R3,removed,rad_L,2018
34104_2_2018,-0.7443300413279346,0.1954439547556475,34104,2018-11-09,2,b3,p41,p41_sp04,inversion,R3,removed,rad_L,2018
34104_3_2018,-0.7565345563608487,0.18960308813163987,34104,2018-11-09,3,b3,p41,p41_sp04,inversion,R3,removed,rad_L,2018
34104_1_2019,0.5961123579106551,0.5728119610139839,34104,2019-11-01,1,b3,p41,p41_sp04,inversion,R3,removed,rad_L,2019
34104_2_2019,0.8378793278991364,0.31471886682469896,34104,2019-11-01,2,b3,p41,p41_sp04,inversion,R3,removed,rad_L,2019
34104_3_2019,0.7145725603642817,0.4073781498649746,34104,2019-11-01,3,b3,p41,p41_sp04,inversion,R3,removed,rad_L,2019
34105_1_2018,-1.283240916102062,-0.1975422986666617,34105,2018-11-09,1,b3,p41,p41_sp05,inversion,R3,removed,mix_M,2018
34105_2_2018,-1.2202588476711822,-0.2009655452485628,34105,2018-11-09,2,b3,p41,p41_sp05,inversion,R3,removed,mix_M,2018
34105_3_2018,-1.2202588476711822,-0.2009655452485627,34105,2018-11-09,3,b3,p41,p41_sp05,inversion,R3,removed,mix_M,2018
34105_1_2019,0.863045836925315,-0.3923316180619867,34105,2019-11-01,1,b3,p41,p41_sp05,inversion,R3,removed,mix_M,2019
34105_2_2019,0.8400265790623187,-0.4444922465822139,34105,2019-11-01,2,b3,p41,p41_sp05,inversion,R3,removed,mix_M,2019
34105_3_2019,1.2259025827680765,-0.24380694230548117,34105,2019-11-01,3,b3,p41,p41_sp05,inversion,R3,removed,mix_M,2019
34301_1_2018,-0.8361886500671167,-0.4024950971933771,34301,2018-11-09,1,b3,p43,p43_sp01,notill,R3,removed,nocc,2018
34301_2_2018,-0.9764870196583408,-0.29619859058411524,34301,2018-11-09,2,b3,p43,p43_sp01,notill,R3,removed,nocc,2018
34301_3_2018,-1.1661542610505307,-0.19805116951289325,34301,2018-11-09,3,b3,p43,p43_sp01,notill,R3,removed,nocc,2018
34301_1_2019,1.187256988484247,-0.25426623466441856,34301,2019-11-01,1,b3,p43,p43_sp01,notill,R3,removed,nocc,2019
34301_2_2019,1.2063593909042767,-0.1978329679468461,34301,2019-11-01,2,b3,p43,p43_sp01,notill,R3,removed,nocc,2019
34301_3_2019,0.7318352222890947,-0.6231251501769326,34301,2019-11-01,3,b3,p43,p43_sp01,notill,R3,removed,nocc,2019
34302_1_2018,-0.8904149238516216,-0.31022748395877453,34302,2018-11-09,1,b3,p43,p43_sp02,notill,R3,removed,mix_E,2018
34302_2_2018,-0.6049961785888514,-0.56347463030755,34302,2018-11-09,2,b3,p43,p43_sp02,notill,R3,removed,mix_E,2018
34302_3_2018,-0.7907458518010989,-0.5975095954950002,34302,2018-11-09,3,b3,p43,p43_sp02,notill,R3,removed,mix_E,2018
34302_1_2019,0.6447549635988732,-1.0090929014877241,34302,2019-11-01,1,b3,p43,p43_sp02,notill,R3,removed,mix_E,2019
34302_2_2019,0.5286883687580888,-0.9055826367311932,34302,2019-11-01,2,b3,p43,p43_sp02,notill,R3,removed,mix_E,2019
34302_3_2019,0.41859235871087097,-1.245529640640107,34302,2019-11-01,3,b3,p43,p43_sp02,notill,R3,removed,mix_E,2019
34303_1_2018,-0.05753081426079995,1.3298773619399125,34303,2018-11-09,1,b3,p43,p43_sp03,notill,R3,removed,rad_M,2018
34303_2_2018,-0.11035188935740241,1.1922937159163969,34303,2018-11-09,2,b3,p43,p43_sp03,notill,R3,removed,rad_M,2018
34303_3_2018,-0.10462913631170274,1.2539549801758556,34303,2018-11-09,3,b3,p43,p43_sp03,notill,R3,removed,rad_M,2018
34303_1_2019,0.4117734331366406,0.6548492534791566,34303,2019-11-01,1,b3,p43,p43_sp03,notill,R3,removed,rad_M,2019
34303_2_2019,0.5311482836461925,0.6029967791519928,34303,2019-11-01,2,b3,p43,p43_sp03,notill,R3,removed,rad_M,2019
34303_3_2019,0.5206927844772219,0.542440256745647,34303,2019-11-01,3,b3,p43,p43_sp03,notill,R3,removed,rad_M,2019
34304_1_2018,-0.8001983710109112,0.1328339107279158,34304,2018-11-09,1,b3,p43,p43_sp04,notill,R3,removed,rad_L,2018
34304_2_2018,-0.8219398724726843,0.11345465939768602,34304,2018-11-09,2,b3,p43,p43_sp04,notill,R3,removed,rad_L,2018
34304_3_2018,-0.9801378702606528,-0.031057707332714426,34304,2018-11-09,3,b3,p43,p43_sp04,notill,R3,removed,rad_L,2018
34304_1_2019,0.8123723644011076,0.3337874176660922,34304,2019-11-01,1,b3,p43,p43_sp04,notill,R3,removed,rad_L,2019
34304_2_2019,0.9827434058908,0.2575779060737718,34304,2019-11-01,2,b3,p43,p43_sp04,notill,R3,removed,rad_L,2019
34304_3_2019,1.1543922879990756,0.18100343851580097,34304,2019-11-01,3,b3,p43,p43_sp04,notill,R3,removed,rad_L,2019
34305_1_2018,-1.2050182530957538,-0.20234040303834885,34305,2018-11-09,1,b3,p43,p43_sp05,notill,R3,removed,mix_M,2018
34305_2_2018,-1.2202588476711822,-0.2009655452485627,34305,2018-11-09,2,b3,p43,p43_sp05,notill,R3,removed,mix_M,2018
34305_3_2018,-1.1408060964421483,-0.19615510547503479,34305,2018-11-09,3,b3,p43,p43_sp05,notill,R3,removed,mix_M,2018
34305_1_2019,1.0454966152061023,-0.2342826679585188,34305,2019-11-01,1,b3,p43,p43_sp05,notill,R3,removed,mix_M,2019
34305_2_2019,0.8940998155515816,-0.47532980660594554,34305,2019-11-01,2,b3,p43,p43_sp05,notill,R3,removed,mix_M,2019
34305_3_2019,0.992947485100465,-0.3522159838825475,34305,2019-11-01,3,b3,p43,p43_sp05,notill,R3,removed,mix_M,2019
34401_1_2018,-1.2202588476711822,-0.2009655452485628,34401,2018-11-09,1,b3,p44,p44_sp01,noninversion,R3,removed,nocc,2018
34401_2_2018,-0.999185882236507,-0.28237869261989007,34401,2018-11-09,2,b3,p44,p44_sp01,noninversion,R3,removed,nocc,2018
34401_3_2018,-0.9683672948395615,-0.2642621813815938,34401,2018-11-09,3,b3,p44,p44_sp01,noninversion,R3,removed,nocc,2018
34401_1_2019,1.1817532707192475,-0.04970618993729724,34401,2019-11-01,1,b3,p44,p44_sp01,noninversion,R3,removed,nocc,2019
34401_2_2019,1.1405405912216662,-0.02328121403926002,34401,2019-11-01,2,b3,p44,p44_sp01,noninversion,R3,removed,nocc,2019
34401_3_2019,1.3509945603257187,0.12794031710782305,34401,2019-11-01,3,b3,p44,p44_sp01,noninversion,R3,removed,nocc,2019
34402_1_2018,-0.6417990365270639,-0.5100106511780833,34402,2018-11-09,1,b3,p44,p44_sp02,noninversion,R3,removed,mix_E,2018
34402_2_2018,-0.5657024487325201,-0.6167180545363885,34402,2018-11-09,2,b3,p44,p44_sp02,noninversion,R3,removed,mix_E,2018
34402_3_2018,-0.29238965120077126,-0.8784926896393056,34402,2018-11-09,3,b3,p44,p44_sp02,noninversion,R3,removed,mix_E,2018
34402_1_2019,0.67286130442763,-0.6489196130028745,34402,2019-11-01,1,b3,p44,p44_sp02,noninversion,R3,removed,mix_E,2019
34402_2_2019,0.7162847841278828,-0.6624341255371556,34402,2019-11-01,2,b3,p44,p44_sp02,noninversion,R3,removed,mix_E,2019
34402_3_2019,0.9159656305601909,-0.8105493626207182,34402,2019-11-01,3,b3,p44,p44_sp02,noninversion,R3,removed,mix_E,2019
34403_1_2018,-0.2866898738785548,0.9332218310399292,34403,2018-11-09,1,b3,p44,p44_sp03,noninversion,R3,removed,rad_M,2018
34403_2_2018,-0.7046275413453571,0.2496071355347978,34403,2018-11-09,2,b3,p44,p44_sp03,noninversion,R3,removed,rad_M,2018
34403_3_2018,-0.25290647497657254,1.0809552723858429,34403,2018-11-09,3,b3,p44,p44_sp03,noninversion,R3,removed,rad_M,2018
34403_1_2019,0.49039235334209347,0.5783612954261378,34403,2019-11-01,1,b3,p44,p44_sp03,noninversion,R3,removed,rad_M,2019
34403_2_2019,0.5967922123627013,0.6245073593348206,34403,2019-11-01,2,b3,p44,p44_sp03,noninversion,R3,removed,rad_M,2019
34403_3_2019,0.755819680517628,0.3995317380167666,34403,2019-11-01,3,b3,p44,p44_sp03,noninversion,R3,removed,rad_M,2019
34404_1_2018,-0.8857733208808236,0.04864277524015927,34404,2018-11-09,1,b3,p44,p44_sp04,noninversion,R3,removed,rad_L,2018
34404_2_2018,-0.5157058189887669,0.5401432428637678,34404,2018-11-09,2,b3,p44,p44_sp04,noninversion,R3,removed,rad_L,2018
34404_3_2018,-0.8381686719732037,0.09879976083771531,34404,2018-11-09,3,b3,p44,p44_sp04,noninversion,R3,removed,rad_L,2018
34404_1_2019,0.8386672502362592,0.24234020652886068,34404,2019-11-01,1,b3,p44,p44_sp04,noninversion,R3,removed,rad_L,2019
34404_2_2019,0.9485064329136449,0.15397287879585195,34404,2019-11-01,2,b3,p44,p44_sp04,noninversion,R3,removed,rad_L,2019
34404_3_2019,0.988648296570406,0.24332173104865204,34404,2019-11-01,3,b3,p44,p44_sp04,noninversion,R3,removed,rad_L,2019
34405_1_2018,-1.205927984988622,-0.20228852087144875,34405,2018-11-09,1,b3,p44,p44_sp05,noninversion,R3,removed,mix_M,2018
34405_2_2018,-1.0976255701119753,-0.17793092906395333,34405,2018-11-09,2,b3,p44,p44_sp05,noninversion,R3,removed,mix_M,2018
34405_3_2018,-1.1526048705250505,-0.19797326665845028,34405,2018-11-09,3,b3,p44,p44_sp05,noninversion,R3,removed,mix_M,2018
34405_1_2019,1.1487416339742627,-0.12944549262414395,34405,2019-11-01,1,b3,p44,p44_sp05,noninversion,R3,removed,mix_M,2019
34405_2_2019,1.0379699864198304,-0.31671723277770925,34405,2019-11-01,2,b3,p44,p44_sp05,noninversion,R3,removed,mix_M,2019
34405_3_2019,1.0208237137468688,-0.2976142544904519,34405,2019-11-01,3,b3,p44,p44_sp05,noninversion,R3,removed,mix_M,2019
34602_1_2018,-1.0735387648598422,-0.15415084753475775,34602,2018-11-09,1,b3,p46,p46_sp02,notill,R4,retained,mix_E,2018
34602_2_2018,-1.0735387648598422,-0.15415084753475758,34602,2018-11-09,2,b3,p46,p46_sp02,notill,R4,retained,mix_E,2018
34602_3_2018,-1.0732784120339256,-0.3367033465134602,34602,2018-11-09,3,b3,p46,p46_sp02,notill,R4,retained,mix_E,2018
34602_1_2019,1.0131260100825434,-0.3169729666081178,34602,2019-11-01,1,b3,p46,p46_sp02,notill,R4,retained,mix_E,2019
34602_2_2019,0.4482933815998133,-1.0207599815920985,34602,2019-11-01,2,b3,p46,p46_sp02,notill,R4,retained,mix_E,2019
34602_3_2019,0.630072913388837,-0.6908832084778044,34602,2019-11-01,3,b3,p46,p46_sp02,notill,R4,retained,mix_E,2019
34603_1_2018,-0.335673013580413,0.912232596778505,34603,2018-11-09,1,b3,p46,p46_sp03,notill,R4,retained,rad_M,2018
34603_2_2018,-0.33490143849668946,0.8132443761043955,34603,2018-11-09,2,b3,p46,p46_sp03,notill,R4,retained,rad_M,2018
34603_3_2018,-0.3855606710668991,0.893780196549186,34603,2018-11-09,3,b3,p46,p46_sp03,notill,R4,retained,rad_M,2018
34603_1_2019,0.47008490365720595,0.6214483219235177,34603,2019-11-01,1,b3,p46,p46_sp03,notill,R4,retained,rad_M,2019
34603_2_2019,0.46674265534289117,0.6041682237802128,34603,2019-11-01,2,b3,p46,p46_sp03,notill,R4,retained,rad_M,2019
34603_3_2019,0.4811834629435331,0.635911525058338,34603,2019-11-01,3,b3,p46,p46_sp03,notill,R4,retained,rad_M,2019
34604_1_2018,-1.1916787672318037,-0.20384422441484512,34604,2018-11-09,1,b3,p46,p46_sp04,notill,R4,retained,rad_L,2018
34604_2_2018,-1.107656466406556,-0.12571747658230323,34604,2018-11-09,2,b3,p46,p46_sp04,notill,R4,retained,rad_L,2018
34604_3_2018,-0.8939025030416948,0.043567197296323606,34604,2018-11-09,3,b3,p46,p46_sp04,notill,R4,retained,rad_L,2018
34604_1_2019,1.2167704112823665,0.06423516053975037,34604,2019-11-01,1,b3,p46,p46_sp04,notill,R4,retained,rad_L,2019
34604_2_2019,0.9166499219306685,0.2649046276358771,34604,2019-11-01,2,b3,p46,p46_sp04,notill,R4,retained,rad_L,2019
34604_3_2019,1.0162718656552334,0.24137059517244766,34604,2019-11-01,3,b3,p46,p46_sp04,notill,R4,retained,rad_L,2019
34605_1_2018,-1.205927984988622,-0.2022885208714488,34605,2018-11-09,1,b3,p46,p46_sp05,notill,R4,retained,mix_M,2018
34605_2_2018,-1.1661542610505307,-0.19805116951289325,34605,2018-11-09,2,b3,p46,p46_sp05,notill,R4,retained,mix_M,2018
34605_3_2018,-1.2202588476711822,-0.2009655452485628,34605,2018-11-09,3,b3,p46,p46_sp05,notill,R4,retained,mix_M,2018
34605_1_2019,1.079663037365295,-0.2766888360515312,34605,2019-11-01,1,b3,p46,p46_sp05,notill,R4,retained,mix_M,2019
34605_2_2019,0.821602320324488,-0.465116406087044,34605,2019-11-01,2,b3,p46,p46_sp05,notill,R4,retained,mix_M,2019
34605_3_2019,1.0380073880367555,-0.3142445048037641,34605,2019-11-01,3,b3,p46,p46_sp05,notill,R4,retained,mix_M,2019
34606_1_2018,-1.2956861761968461,-0.19688746705599142,34606,2018-11-09,1,b3,p46,p46_sp06,notill,R4,retained,nocc,2018
34606_2_2018,-1.1824337389212087,-0.27064230879096673,34606,2018-11-09,2,b3,p46,p46_sp06,notill,R4,retained,nocc,2018
34606_3_2018,-1.2468732473933977,-0.19916037377235168,34606,2018-11-09,3,b3,p46,p46_sp06,notill,R4,retained,nocc,2018
34606_1_2019,1.0815828862191366,-0.2674975670351163,34606,2019-11-01,1,b3,p46,p46_sp06,notill,R4,retained,nocc,2019
34606_2_2019,1.2045858991913976,-0.06146522044879363,34606,2019-11-01,2,b3,p46,p46_sp06,notill,R4,retained,nocc,2019
34606_3_2019,1.1208416023912808,-0.02803827220697446,34606,2019-11-01,3,b3,p46,p46_sp06,notill,R4,retained,nocc,2019
34702_1_2018,-0.8509177337127909,-0.33133010816151914,34702,2018-11-09,1,b3,p47,p47_sp02,noninversion,R4,retained,mix_E,2018
34702_2_2018,-0.8712805386203613,-0.30453987678484223,34702,2018-11-09,2,b3,p47,p47_sp02,noninversion,R4,retained,mix_E,2018
34702_3_2018,-0.5039812006156269,-0.6607040944319003,34702,2018-11-09,3,b3,p47,p47_sp02,noninversion,R4,retained,mix_E,2018
34702_1_2019,0.995034280863193,-0.6675994756263385,34702,2019-11-01,1,b3,p47,p47_sp02,noninversion,R4,retained,mix_E,2019
34702_2_2019,0.9160717577747326,-0.43220947344587995,34702,2019-11-01,2,b3,p47,p47_sp02,noninversion,R4,retained,mix_E,2019
34702_3_2019,0.92969774034479,-0.37144259894014675,34702,2019-11-01,3,b3,p47,p47_sp02,noninversion,R4,retained,mix_E,2019
34703_1_2018,-0.11824646833571348,1.2431596675681307,34703,2018-11-09,1,b3,p47,p47_sp03,noninversion,R4,retained,rad_M,2018
34703_2_2018,-0.17178405527998233,1.1621439328078322,34703,2018-11-09,2,b3,p47,p47_sp03,noninversion,R4,retained,rad_M,2018
34703_3_2018,-0.3268597378442948,0.9819585132913672,34703,2018-11-09,3,b3,p47,p47_sp03,noninversion,R4,retained,rad_M,2018
34703_1_2019,0.5093339956878488,0.5948930630602233,34703,2019-11-01,1,b3,p47,p47_sp03,noninversion,R4,retained,rad_M,2019
34703_2_2019,0.6520631921346147,0.45233621706905,34703,2019-11-01,2,b3,p47,p47_sp03,noninversion,R4,retained,rad_M,2019
34703_3_2019,0.7644942351890153,0.36448621536536635,34703,2019-11-01,3,b3,p47,p47_sp03,noninversion,R4,retained,rad_M,2019
34704_1_2018,-0.9975407454929199,-0.06466861209262055,34704,2018-11-09,1,b3,p47,p47_sp04,noninversion,R4,retained,rad_L,2018
34704_2_2018,-0.7506109581189225,0.19116990652565866,34704,2018-11-09,2,b3,p47,p47_sp04,noninversion,R4,retained,rad_L,2018
34704_3_2018,-0.6111404422783933,0.3949140015792038,34704,2018-11-09,3,b3,p47,p47_sp04,noninversion,R4,retained,rad_L,2018
34704_1_2019,0.8997931383825416,0.21315915361182344,34704,2019-11-01,1,b3,p47,p47_sp04,noninversion,R4,retained,rad_L,2019
34704_2_2019,0.65001684454113,0.4538191576446448,34704,2019-11-01,2,b3,p47,p47_sp04,noninversion,R4,retained,rad_L,2019
34704_3_2019,0.9580668097299931,0.2504661587741051,34704,2019-11-01,3,b3,p47,p47_sp04,noninversion,R4,retained,rad_L,2019
34705_1_2018,-1.1661542610505309,-0.1980511695128929,34705,2018-11-09,1,b3,p47,p47_sp05,noninversion,R4,retained,mix_M,2018
34705_2_2018,-1.0889072207713932,-0.171481244392776,34705,2018-11-09,2,b3,p47,p47_sp05,noninversion,R4,retained,mix_M,2018
34705_3_2018,-1.067564032980457,-0.1455618681721443,34705,2018-11-09,3,b3,p47,p47_sp05,noninversion,R4,retained,mix_M,2018
34705_1_2019,1.066452077822212,-0.25562221545712727,34705,2019-11-01,1,b3,p47,p47_sp05,noninversion,R4,retained,mix_M,2019
34705_2_2019,1.1782452806868595,-0.17694667480172868,34705,2019-11-01,2,b3,p47,p47_sp05,noninversion,R4,retained,mix_M,2019
34705_3_2019,0.9936076284217273,-0.3771080624377344,34705,2019-11-01,3,b3,p47,p47_sp05,noninversion,R4,retained,mix_M,2019
34706_1_2018,-1.1526048705250505,-0.19797326665845025,34706,2018-11-09,1,b3,p47,p47_sp06,noninversion,R4,retained,nocc,2018
34706_2_2018,-1.1661542610505307,-0.19805116951289325,34706,2018-11-09,2,b3,p47,p47_sp06,noninversion,R4,retained,nocc,2018
34706_3_2018,-1.107461053121683,-0.1821440088543103,34706,2018-11-09,3,b3,p47,p47_sp06,noninversion,R4,retained,nocc,2018
34706_1_2019,1.1171091385308523,-0.17167911888489976,34706,2019-11-01,1,b3,p47,p47_sp06,noninversion,R4,retained,nocc,2019
34706_2_2019,1.313164265346608,0.001816163563845014,34706,2019-11-01,2,b3,p47,p47_sp06,noninversion,R4,retained,nocc,2019
34706_3_2019,1.3593207935702145,-0.03757946969678043,34706,2019-11-01,3,b3,p47,p47_sp06,noninversion,R4,retained,nocc,2019
34802_1_2018,-1.080559780244662,-0.16461901359894418,34802,2018-11-09,1,b3,p48,p48_sp02,inversion,R4,retained,mix_E,2018
34802_2_2018,-1.0976255701119753,-0.17793092906395336,34802,2018-11-09,2,b3,p48,p48_sp02,inversion,R4,retained,mix_E,2018
34802_3_2018,-1.058845669074865,-0.21486516534929526,34802,2018-11-09,3,b3,p48,p48_sp02,inversion,R4,retained,mix_E,2018
34802_1_2019,0.4809185231397438,-0.9507218898871277,34802,2019-11-01,1,b3,p48,p48_sp02,inversion,R4,retained,mix_E,2019
34802_2_2019,0.4945660359084644,-0.9297193665910292,34802,2019-11-01,2,b3,p48,p48_sp02,inversion,R4,retained,mix_E,2019
34802_3_2019,0.723802419537394,-0.7071933648744695,34802,2019-11-01,3,b3,p48,p48_sp02,inversion,R4,retained,mix_E,2019
34803_1_2018,-0.13777669970803696,1.2128505010706907,34803,2018-11-09,1,b3,p48,p48_sp03,inversion,R4,retained,rad_M,2018
34803_2_2018,-0.21541924352497166,1.0689030712113279,34803,2018-11-09,2,b3,p48,p48_sp03,inversion,R4,retained,rad_M,2018
34803_3_2018,-0.1775692035557927,1.081678460834648,34803,2018-11-09,3,b3,p48,p48_sp03,inversion,R4,retained,rad_M,2018
34803_1_2019,0.3702853817470621,0.7733997578517517,34803,2019-11-01,1,b3,p48,p48_sp03,inversion,R4,retained,rad_M,2019
34803_2_2019,0.4029996226984008,0.7148732106570397,34803,2019-11-01,2,b3,p48,p48_sp03,inversion,R4,retained,rad_M,2019
34803_3_2019,0.4619813186003068,0.6485978583958196,34803,2019-11-01,3,b3,p48,p48_sp03,inversion,R4,retained,rad_M,2019
34804_1_2018,-0.8929307413576903,0.04891264625597756,34804,2018-11-09,1,b3,p48,p48_sp04,inversion,R4,retained,rad_L,2018
34804_2_2018,-0.9400891236582104,-0.0012564902930014376,34804,2018-11-09,2,b3,p48,p48_sp04,inversion,R4,retained,rad_L,2018
34804_3_2018,-0.7391638018168553,0.20083107748195947,34804,2018-11-09,3,b3,p48,p48_sp04,inversion,R4,retained,rad_L,2018
34804_1_2019,0.8488254850102457,0.30662640521584295,34804,2019-11-01,1,b3,p48,p48_sp04,inversion,R4,retained,rad_L,2019
34804_2_2019,1.0566898690521198,0.20568927474466048,34804,2019-11-01,2,b3,p48,p48_sp04,inversion,R4,retained,rad_L,2019
34804_3_2019,0.8934622024142481,0.28497692122268514,34804,2019-11-01,3,b3,p48,p48_sp04,inversion,R4,retained,rad_L,2019
34805_1_2018,-1.1526048705250505,-0.19797326665845028,34805,2018-11-09,1,b3,p48,p48_sp05,inversion,R4,retained,mix_M,2018
34805_2_2018,-1.205927984988621,-0.202288520871452,34805,2018-11-09,2,b3,p48,p48_sp05,inversion,R4,retained,mix_M,2018
34805_3_2018,-1.1787168363304585,-0.20072410791565198,34805,2018-11-09,3,b3,p48,p48_sp05,inversion,R4,retained,mix_M,2018
34805_1_2019,0.9312910450750603,-0.4524401300239771,34805,2019-11-01,1,b3,p48,p48_sp05,inversion,R4,retained,mix_M,2019
34805_2_2019,1.1266045179245658,-0.2630666993696896,34805,2019-11-01,2,b3,p48,p48_sp05,inversion,R4,retained,mix_M,2019
34805_3_2019,1.2191068852999842,-0.2569351025995646,34805,2019-11-01,3,b3,p48,p48_sp05,inversion,R4,retained,mix_M,2019
34806_1_2018,-1.2202588476711822,-0.20096554524856272,34806,2018-11-09,1,b3,p48,p48_sp06,inversion,R4,retained,nocc,2018
34806_2_2018,-1.1275755898062676,-0.19275870636107997,34806,2018-11-09,2,b3,p48,p48_sp06,inversion,R4,retained,nocc,2018
34806_3_2018,-1.1661542610505307,-0.1980511695128933,34806,2018-11-09,3,b3,p48,p48_sp06,inversion,R4,retained,nocc,2018
34806_1_2019,1.17431599900082,-0.08241352209948678,34806,2019-11-01,1,b3,p48,p48_sp06,inversion,R4,retained,nocc,2019
34806_2_2019,1.252910002411816,-0.1333806481026099,34806,2019-11-01,2,b3,p48,p48_sp06,inversion,R4,retained,nocc,2019
34806_3_2019,1.0581976702881404,-0.3102414696459862,34806,2019-11-01,3,b3,p48,p48_sp06,inversion,R4,retained,nocc,2019
34901_1_2018,-0.2736233955522711,1.1367951157763432,34901,2018-11-09,1,b4,p49,p49_sp01,notill,R4,retained,rad_M,2018
34901_2_2018,-0.22656972578499734,1.2065032612530247,34901,2018-11-09,2,b4,p49,p49_sp01,notill,R4,retained,rad_M,2018
34901_3_2018,-0.3779839009340906,0.9591383267373796,34901,2018-11-09,3,b4,p49,p49_sp01,notill,R4,retained,rad_M,2018
34901_1_2019,0.20754560437651645,1.0125792130824274,34901,2019-11-01,1,b4,p49,p49_sp01,notill,R4,retained,rad_M,2019
34901_2_2019,0.5522333163934353,0.4658195384904033,34901,2019-11-01,2,b4,p49,p49_sp01,notill,R4,retained,rad_M,2019
34901_3_2019,0.55593923896032,0.48089251581160525,34901,2019-11-01,3,b4,p49,p49_sp01,notill,R4,retained,rad_M,2019
34902_1_2018,-0.6128034263447569,-0.5475565823549722,34902,2018-11-09,1,b4,p49,p49_sp02,notill,R4,retained,mix_E,2018
34902_2_2018,-0.5340762517003399,-0.6629386589616022,34902,2018-11-09,2,b4,p49,p49_sp02,notill,R4,retained,mix_E,2018
34902_3_2018,-0.5462083258492129,-0.6537545869913943,34902,2018-11-09,3,b4,p49,p49_sp02,notill,R4,retained,mix_E,2018
34902_1_2019,0.48399005941199924,-1.067636674101,34902,2019-11-01,1,b4,p49,p49_sp02,notill,R4,retained,mix_E,2019
34902_2_2019,0.4600194169511146,-1.0669639507561979,34902,2019-11-01,2,b4,p49,p49_sp02,notill,R4,retained,mix_E,2019
34902_3_2019,0.43168788903174027,-1.181258062256546,34902,2019-11-01,3,b4,p49,p49_sp02,notill,R4,retained,mix_E,2019
34903_1_2018,-1.0674071579035072,-0.2965103271464209,34903,2018-11-09,1,b4,p49,p49_sp03,notill,R4,retained,nocc,2018
34903_2_2018,-1.283240916102062,-0.1975422986666617,34903,2018-11-09,2,b4,p49,p49_sp03,notill,R4,retained,nocc,2018
34903_3_2018,-1.2059279849886217,-0.20228852087144944,34903,2018-11-09,3,b4,p49,p49_sp03,notill,R4,retained,nocc,2018
34903_1_2019,1.1521340912799682,-0.045130999398598444,34903,2019-11-01,1,b4,p49,p49_sp03,notill,R4,retained,nocc,2019
34903_2_2019,1.3222691139853529,-0.001040064475360967,34903,2019-11-01,2,b4,p49,p49_sp03,notill,R4,retained,nocc,2019
34903_3_2019,1.1357250334288456,-0.07531313307752135,34903,2019-11-01,3,b4,p49,p49_sp03,notill,R4,retained,nocc,2019
34905_1_2018,-1.1526048705250505,-0.19797326665845028,34905,2018-11-09,1,b4,p49,p49_sp05,notill,R4,retained,mix_M,2018
34905_2_2018,-1.1787168363304572,-0.2007241079156568,34905,2018-11-09,2,b4,p49,p49_sp05,notill,R4,retained,mix_M,2018
34905_3_2018,-0.9600936825058793,-0.27202699767649857,34905,2018-11-09,3,b4,p49,p49_sp05,notill,R4,retained,mix_M,2018
34905_1_2019,1.1195531966085477,-0.24534585321665206,34905,2019-11-01,1,b4,p49,p49_sp05,notill,R4,retained,mix_M,2019
34905_2_2019,0.9436585252857574,-0.4179238978959748,34905,2019-11-01,2,b4,p49,p49_sp05,notill,R4,retained,mix_M,2019
34905_3_2019,1.1593535000342654,-0.34904881160232915,34905,2019-11-01,3,b4,p49,p49_sp05,notill,R4,retained,mix_M,2019
34906_1_2018,-0.7901249172237775,0.1546127067409518,34906,2018-11-09,1,b4,p49,p49_sp06,notill,R4,retained,rad_L,2018
34906_2_2018,-0.6552796876752727,0.31171346240066367,34906,2018-11-09,2,b4,p49,p49_sp06,notill,R4,retained,rad_L,2018
34906_3_2018,-0.5166474654708159,0.5951377359936987,34906,2018-11-09,3,b4,p49,p49_sp06,notill,R4,retained,rad_L,2018
34906_1_2019,1.1830064703279994,0.16086556983859046,34906,2019-11-01,1,b4,p49,p49_sp06,notill,R4,retained,rad_L,2019
34906_2_2019,1.0105564719790991,0.2203748561494898,34906,2019-11-01,2,b4,p49,p49_sp06,notill,R4,retained,rad_L,2019
34906_3_2019,0.5492090090542412,0.5692036547512062,34906,2019-11-01,3,b4,p49,p49_sp06,notill,R4,retained,rad_L,2019
35101_1_2018,-0.5123221929013608,0.5442064897125488,35101,2018-11-09,1,b4,p51,p51_sp01,inversion,R4,retained,rad_M,2018
35101_2_2018,-0.46501978585474063,0.6364990271103416,35101,2018-11-09,2,b4,p51,p51_sp01,inversion,R4,retained,rad_M,2018
35101_3_2018,-0.45198910332449277,0.6472349213084188,35101,2018-11-09,3,b4,p51,p51_sp01,inversion,R4,retained,rad_M,2018
35101_1_2019,0.5012728006785238,0.6094540684891039,35101,2019-11-01,1,b4,p51,p51_sp01,inversion,R4,retained,rad_M,2019
35101_2_2019,0.4318955795218963,0.7203191742247198,35101,2019-11-01,2,b4,p51,p51_sp01,inversion,R4,retained,rad_M,2019
35101_3_2019,0.5284912064847126,0.5746883891099483,35101,2019-11-01,3,b4,p51,p51_sp01,inversion,R4,retained,rad_M,2019
35102_1_2018,-0.5942779864368648,-0.5814962658990149,35102,2018-11-09,1,b4,p51,p51_sp02,inversion,R4,retained,mix_E,2018
35102_2_2018,-0.5886028436693791,-0.5827405331184904,35102,2018-11-09,2,b4,p51,p51_sp02,inversion,R4,retained,mix_E,2018
35102_3_2018,-0.4158555912238489,-0.7507273723877552,35102,2018-11-09,3,b4,p51,p51_sp02,inversion,R4,retained,mix_E,2018
35102_1_2019,0.606330797847651,-0.8277681232607222,35102,2019-11-01,1,b4,p51,p51_sp02,inversion,R4,retained,mix_E,2019
35102_2_2019,0.6935866456986264,-0.6891051327769787,35102,2019-11-01,2,b4,p51,p51_sp02,inversion,R4,retained,mix_E,2019
35102_3_2019,0.3731659393100945,-1.1732907367603485,35102,2019-11-01,3,b4,p51,p51_sp02,inversion,R4,retained,mix_E,2019
35103_1_2018,-1.1916787672318037,-0.20384422441484487,35103,2018-11-09,1,b4,p51,p51_sp03,inversion,R4,retained,nocc,2018
35103_2_2018,-1.2335798579200126,-0.20073408708026866,35103,2018-11-09,2,b4,p51,p51_sp03,inversion,R4,retained,nocc,2018
35103_3_2018,-1.2697049450779005,-0.2028934144337236,35103,2018-11-09,3,b4,p51,p51_sp03,inversion,R4,retained,nocc,2018
35103_1_2019,1.226627849797833,-0.05430185834651993,35103,2019-11-01,1,b4,p51,p51_sp03,inversion,R4,retained,nocc,2019
35103_2_2019,1.3175443093656134,-0.07313993157462775,35103,2019-11-01,2,b4,p51,p51_sp03,inversion,R4,retained,nocc,2019
35103_3_2019,1.3356382853749864,-0.12424695510635363,35103,2019-11-01,3,b4,p51,p51_sp03,inversion,R4,retained,nocc,2019
35105_1_2018,-0.9860242050670637,-0.04167908858402162,35105,2018-11-09,1,b4,p51,p51_sp05,inversion,R4,retained,mix_M,2018
35105_2_2018,-1.0895895625958014,-0.24393032693110725,35105,2018-11-09,2,b4,p51,p51_sp05,inversion,R4,retained,mix_M,2018
35105_3_2018,-0.9849277155850422,-0.2627245320740434,35105,2018-11-09,3,b4,p51,p51_sp05,inversion,R4,retained,mix_M,2018
35105_1_2019,1.018004586656692,-0.32994815373850683,35105,2019-11-01,1,b4,p51,p51_sp05,inversion,R4,retained,mix_M,2019
35105_2_2019,1.1584665741716615,-0.07352558401501763,35105,2019-11-01,2,b4,p51,p51_sp05,inversion,R4,retained,mix_M,2019
35105_3_2019,1.178035035668369,-0.21331760056233703,35105,2019-11-01,3,b4,p51,p51_sp05,inversion,R4,retained,mix_M,2019
35106_1_2018,-0.5170768137439111,0.5837207547410497,35106,2018-11-09,1,b4,p51,p51_sp06,inversion,R4,retained,rad_L,2018
35106_2_2018,-0.9506873083514558,8.333546493968825e-4,35106,2018-11-09,2,b4,p51,p51_sp06,inversion,R4,retained,rad_L,2018
35106_3_2018,-0.602209002441013,0.39581191089093454,35106,2018-11-09,3,b4,p51,p51_sp06,inversion,R4,retained,rad_L,2018
35106_1_2019,0.6240598014882066,0.4783842460419142,35106,2019-11-01,1,b4,p51,p51_sp06,inversion,R4,retained,rad_L,2019
35106_2_2019,0.5822005400861503,0.5199221096425446,35106,2019-11-01,2,b4,p51,p51_sp06,inversion,R4,retained,rad_L,2019
35106_3_2019,0.5874087107643784,0.5284240954640513,35106,2019-11-01,3,b4,p51,p51_sp06,inversion,R4,retained,rad_L,2019
35201_1_2018,-0.503997316942335,0.6045577109320295,35201,2018-11-09,1,b4,p52,p52_sp01,noninversion,R4,retained,rad_M,2018
35201_2_2018,-0.5674461445389574,0.4485955177738431,35201,2018-11-09,2,b4,p52,p52_sp01,noninversion,R4,retained,rad_M,2018
35201_3_2018,-0.29305175117073473,0.9673321431158955,35201,2018-11-09,3,b4,p52,p52_sp01,noninversion,R4,retained,rad_M,2018
35201_1_2019,0.6113598821060386,0.4918637142605823,35201,2019-11-01,1,b4,p52,p52_sp01,noninversion,R4,retained,rad_M,2019
35201_2_2019,0.5684720945945392,0.5338816307802083,35201,2019-11-01,2,b4,p52,p52_sp01,noninversion,R4,retained,rad_M,2019
35201_3_2019,0.47968252738553097,0.6354905287520989,35201,2019-11-01,3,b4,p52,p52_sp01,noninversion,R4,retained,rad_M,2019
35202_1_2018,-0.5646429599496701,-0.6052941764767591,35202,2018-11-09,1,b4,p52,p52_sp02,noninversion,R4,retained,mix_E,2018
35202_2_2018,-0.7558628123498637,-0.44179902039055713,35202,2018-11-09,2,b4,p52,p52_sp02,noninversion,R4,retained,mix_E,2018
35202_3_2018,-0.43186452220727245,-0.7441158120836618,35202,2018-11-09,3,b4,p52,p52_sp02,noninversion,R4,retained,mix_E,2018
35202_1_2019,0.5395465440842275,-0.9244981501731904,35202,2019-11-01,1,b4,p52,p52_sp02,noninversion,R4,retained,mix_E,2019
35202_2_2019,0.5082563060853976,-0.9256434189469849,35202,2019-11-01,2,b4,p52,p52_sp02,noninversion,R4,retained,mix_E,2019
35202_3_2019,0.6549933947150117,-0.6748834643353425,35202,2019-11-01,3,b4,p52,p52_sp02,noninversion,R4,retained,mix_E,2019
35203_1_2018,-1.220258847671182,-0.20096554524856283,35203,2018-11-09,1,b4,p52,p52_sp03,noninversion,R4,retained,nocc,2018
35203_2_2018,-1.2468732473932393,-0.19916037377322654,35203,2018-11-09,2,b4,p52,p52_sp03,noninversion,R4,retained,nocc,2018
35203_3_2018,-1.246873247393348,-0.19916037377262763,35203,2018-11-09,3,b4,p52,p52_sp03,noninversion,R4,retained,nocc,2018
35203_1_2019,1.5357723869818731,0.01785819671164703,35203,2019-11-01,1,b4,p52,p52_sp03,noninversion,R4,retained,nocc,2019
35203_2_2019,1.454109545111214,-0.05793622991242723,35203,2019-11-01,2,b4,p52,p52_sp03,noninversion,R4,retained,nocc,2019
35203_3_2019,1.5713450045161732,-0.11825691073283683,35203,2019-11-01,3,b4,p52,p52_sp03,noninversion,R4,retained,nocc,2019
35205_1_2018,-1.205927984988622,-0.20228852087144894,35205,2018-11-09,1,b4,p52,p52_sp05,noninversion,R4,retained,mix_M,2018
35205_2_2018,-1.114853176671815,-0.2731621575452283,35205,2018-11-09,2,b4,p52,p52_sp05,noninversion,R4,retained,mix_M,2018
35205_3_2018,-1.0274184147969563,-0.37470244566464445,35205,2018-11-09,3,b4,p52,p52_sp05,noninversion,R4,retained,mix_M,2018
35205_1_2019,0.9691246334667477,-0.39120242590886983,35205,2019-11-01,1,b4,p52,p52_sp05,noninversion,R4,retained,mix_M,2019
35205_2_2019,1.019853263401054,-0.3757269842702426,35205,2019-11-01,2,b4,p52,p52_sp05,noninversion,R4,retained,mix_M,2019
35205_3_2019,0.9622425451908316,-0.42554806766616765,35205,2019-11-01,3,b4,p52,p52_sp05,noninversion,R4,retained,mix_M,2019
35206_1_2018,-0.7350633874751908,0.2058368605355297,35206,2018-11-09,1,b4,p52,p52_sp06,noninversion,R4,retained,rad_L,2018
35206_2_2018,-0.979798539333303,-0.019568244183742645,35206,2018-11-09,2,b4,p52,p52_sp06,noninversion,R4,retained,rad_L,2018
35206_3_2018,-0.9357871415404128,0.008206902197450907,35206,2018-11-09,3,b4,p52,p52_sp06,noninversion,R4,retained,rad_L,2018
35206_1_2019,1.0395468604055846,0.2130570770457707,35206,2019-11-01,1,b4,p52,p52_sp06,noninversion,R4,retained,rad_L,2019
35206_2_2019,1.0520225767517164,0.2531951167964883,35206,2019-11-01,2,b4,p52,p52_sp06,noninversion,R4,retained,rad_L,2019
35206_3_2019,0.7674599633251649,0.3684739790717409,35206,2019-11-01,3,b4,p52,p52_sp06,noninversion,R4,retained,rad_L,2019
35301_1_2018,-0.34531378351635283,1.0427160873058983,35301,2018-11-09,1,b4,p53,p53_sp01,notill,R3,removed,rad_M,2018
35301_2_2018,-0.2318646004147682,1.1306191181665297,35301,2018-11-09,2,b4,p53,p53_sp01,notill,R3,removed,rad_M,2018
35301_3_2018,-0.06220137566403567,1.3853770523674813,35301,2018-11-09,3,b4,p53,p53_sp01,notill,R3,removed,rad_M,2018
35301_1_2019,0.43110356106217257,0.47728230398052723,35301,2019-11-01,1,b4,p53,p53_sp01,notill,R3,removed,rad_M,2019
35301_2_2019,0.4548196852153189,0.6864760079749688,35301,2019-11-01,2,b4,p53,p53_sp01,notill,R3,removed,rad_M,2019
35301_3_2019,0.43490033507154613,0.6894844499151574,35301,2019-11-01,3,b4,p53,p53_sp01,notill,R3,removed,rad_M,2019
35302_1_2018,-0.6377869319157294,-0.5639116339752767,35302,2018-11-09,1,b4,p53,p53_sp02,notill,R3,removed,mix_E,2018
35302_2_2018,-1.1591626968797146,-0.3362877318762684,35302,2018-11-09,2,b4,p53,p53_sp02,notill,R3,removed,mix_E,2018
35302_3_2018,-0.7348097964033038,-0.4716469922897578,35302,2018-11-09,3,b4,p53,p53_sp02,notill,R3,removed,mix_E,2018
35302_1_2019,0.6109655141730276,-0.769227555824162,35302,2019-11-01,1,b4,p53,p53_sp02,notill,R3,removed,mix_E,2019
35302_2_2019,1.1672381735446764,-0.5120058811352208,35302,2019-11-01,2,b4,p53,p53_sp02,notill,R3,removed,mix_E,2019
35302_3_2019,1.254982400684686,-0.47573013396968195,35302,2019-11-01,3,b4,p53,p53_sp02,notill,R3,removed,mix_E,2019
35304_1_2018,-1.2587841969852984,-0.20017272260154678,35304,2018-11-09,1,b4,p53,p53_sp04,notill,R3,removed,nocc,2018
35304_2_2018,-0.9956918190627476,-0.260530722135044,35304,2018-11-09,2,b4,p53,p53_sp04,notill,R3,removed,nocc,2018
35304_3_2018,-1.2335798579200203,-0.20073408708023155,35304,2018-11-09,3,b4,p53,p53_sp04,notill,R3,removed,nocc,2018
35304_1_2019,1.1721457703049212,-0.1997099481515836,35304,2019-11-01,1,b4,p53,p53_sp04,notill,R3,removed,nocc,2019
35304_2_2019,1.3133495321411675,-0.23147685375129956,35304,2019-11-01,2,b4,p53,p53_sp04,notill,R3,removed,nocc,2019
35304_3_2019,1.927692624759661,0.02723420878309767,35304,2019-11-01,3,b4,p53,p53_sp04,notill,R3,removed,nocc,2019
35305_1_2018,-0.973251122728295,-0.27540619947751094,35305,2018-11-09,1,b4,p53,p53_sp05,notill,R3,removed,mix_M,2018
35305_2_2018,-0.912902697424561,-0.26094998988321605,35305,2018-11-09,2,b4,p53,p53_sp05,notill,R3,removed,mix_M,2018
35305_3_2018,-1.1678695566742787,-0.10666812351551182,35305,2018-11-09,3,b4,p53,p53_sp05,notill,R3,removed,mix_M,2018
35305_1_2019,0.8322145415788448,-0.4972171796297917,35305,2019-11-01,1,b4,p53,p53_sp05,notill,R3,removed,mix_M,2019
35305_2_2019,1.0067895288954274,-0.37682725408842854,35305,2019-11-01,2,b4,p53,p53_sp05,notill,R3,removed,mix_M,2019
35305_3_2019,1.0875993357529945,-0.21897694112601251,35305,2019-11-01,3,b4,p53,p53_sp05,notill,R3,removed,mix_M,2019
35306_1_2018,-0.35466598183281295,0.9760819371146241,35306,2018-11-09,1,b4,p53,p53_sp06,notill,R3,removed,rad_L,2018
35306_2_2018,-0.5877690615189853,0.42530077188205107,35306,2018-11-09,2,b4,p53,p53_sp06,notill,R3,removed,rad_L,2018
35306_3_2018,-0.5779673078453655,0.43514155318422243,35306,2018-11-09,3,b4,p53,p53_sp06,notill,R3,removed,rad_L,2018
35306_1_2019,1.0246390985318168,0.23588303933157428,35306,2019-11-01,1,b4,p53,p53_sp06,notill,R3,removed,rad_L,2019
35306_2_2019,0.9091826807863171,0.2995090465620573,35306,2019-11-01,2,b4,p53,p53_sp06,notill,R3,removed,rad_L,2019
35306_3_2019,0.8447211309935311,0.34581513530724084,35306,2019-11-01,3,b4,p53,p53_sp06,notill,R3,removed,rad_L,2019
35401_1_2018,-0.42579679267172726,0.8638556350835515,35401,2018-11-09,1,b4,p54,p54_sp01,inversion,R3,removed,rad_M,2018
35401_2_2018,-0.6684591688301897,0.3015904562332651,35401,2018-11-09,2,b4,p54,p54_sp01,inversion,R3,removed,rad_M,2018
35401_3_2018,-0.2585310995509909,0.942715319200029,35401,2018-11-09,3,b4,p54,p54_sp01,inversion,R3,removed,rad_M,2018
35401_1_2019,0.25464326892473127,0.8868372689464638,35401,2019-11-01,1,b4,p54,p54_sp01,inversion,R3,removed,rad_M,2019
35401_2_2019,0.3410572922424085,0.7821099246603317,35401,2019-11-01,2,b4,p54,p54_sp01,inversion,R3,removed,rad_M,2019
35401_3_2019,0.3751000027014233,0.7532228383615616,35401,2019-11-01,3,b4,p54,p54_sp01,inversion,R3,removed,rad_M,2019
35402_1_2018,-0.8152701517554459,-0.4136984989861097,35402,2018-11-09,1,b4,p54,p54_sp02,inversion,R3,removed,mix_E,2018
35402_2_2018,-0.8993895914546689,-0.3724029170687369,35402,2018-11-09,2,b4,p54,p54_sp02,inversion,R3,removed,mix_E,2018
35402_3_2018,-0.7879458501914743,-0.3888810660620315,35402,2018-11-09,3,b4,p54,p54_sp02,inversion,R3,removed,mix_E,2018
35402_1_2019,0.4991871579601948,-0.983726040922659,35402,2019-11-01,1,b4,p54,p54_sp02,inversion,R3,removed,mix_E,2019
35402_2_2019,0.4807654691737535,-0.9927994562020628,35402,2019-11-01,2,b4,p54,p54_sp02,inversion,R3,removed,mix_E,2019
35402_3_2019,0.2867782926953506,-1.2947339408225464,35402,2019-11-01,3,b4,p54,p54_sp02,inversion,R3,removed,mix_E,2019
35404_1_2018,-1.2335798579200226,-0.20073408708021975,35404,2018-11-09,1,b4,p54,p54_sp04,inversion,R3,removed,nocc,2018
35404_2_2018,-1.1916787672318037,-0.20384422441484543,35404,2018-11-09,2,b4,p54,p54_sp04,inversion,R3,removed,nocc,2018
35404_3_2018,-1.1312607638758991,-0.16063587727218398,35404,2018-11-09,3,b4,p54,p54_sp04,inversion,R3,removed,nocc,2018
35404_1_2019,1.3830282780824061,-0.00878004494975001,35404,2019-11-01,1,b4,p54,p54_sp04,inversion,R3,removed,nocc,2019
35404_2_2019,1.5324295130110972,-0.006547067980771375,35404,2019-11-01,2,b4,p54,p54_sp04,inversion,R3,removed,nocc,2019
35404_3_2019,1.5086483632132843,-0.06323495354121172,35404,2019-11-01,3,b4,p54,p54_sp04,inversion,R3,removed,nocc,2019
35405_1_2018,-1.0762658592627243,-0.2992295004059871,35405,2018-11-09,1,b4,p54,p54_sp05,inversion,R3,removed,mix_M,2018
35405_2_2018,-1.0322799038671207,-0.2165194090808481,35405,2018-11-09,2,b4,p54,p54_sp05,inversion,R3,removed,mix_M,2018
35405_3_2018,-1.0666201734508953,-0.24024807224613395,35405,2018-11-09,3,b4,p54,p54_sp05,inversion,R3,removed,mix_M,2018
35405_1_2019,1.2055223448573134,-0.191632606900336,35405,2019-11-01,1,b4,p54,p54_sp05,inversion,R3,removed,mix_M,2019
35405_2_2019,0.8755088141252222,-0.4448963575765874,35405,2019-11-01,2,b4,p54,p54_sp05,inversion,R3,removed,mix_M,2019
35405_3_2019,0.9565828985319689,-0.3981583109849245,35405,2019-11-01,3,b4,p54,p54_sp05,inversion,R3,removed,mix_M,2019
35406_1_2018,-0.4476527918535015,0.6819384575693631,35406,2018-11-09,1,b4,p54,p54_sp06,inversion,R3,removed,rad_L,2018
35406_2_2018,-0.4391954869651013,0.6601274752278722,35406,2018-11-09,2,b4,p54,p54_sp06,inversion,R3,removed,rad_L,2018
35406_3_2018,-0.4774015575094579,0.6257924779027007,35406,2018-11-09,3,b4,p54,p54_sp06,inversion,R3,removed,rad_L,2018
35406_1_2019,0.6323913995799311,0.47801330520700774,35406,2019-11-01,1,b4,p54,p54_sp06,inversion,R3,removed,rad_L,2019
35406_2_2019,0.532663755627583,0.5985454425118233,35406,2019-11-01,2,b4,p54,p54_sp06,inversion,R3,removed,rad_L,2019
35406_3_2019,0.7411625875480743,0.37949899197814957,35406,2019-11-01,3,b4,p54,p54_sp06,inversion,R3,removed,rad_L,2019
35501_1_2018,-0.36922669300512656,0.9294062650987089,35501,2018-11-09,1,b4,p55,p55_sp01,noninversion,R3,removed,rad_M,2018
35501_2_2018,-0.49489638228412447,0.5784703165256745,35501,2018-11-09,2,b4,p55,p55_sp01,noninversion,R3,removed,rad_M,2018
35501_3_2018,-0.23522927288678555,1.0208943095856984,35501,2018-11-09,3,b4,p55,p55_sp01,noninversion,R3,removed,rad_M,2018
35501_1_2019,0.3275319836130187,0.804120457670107,35501,2019-11-01,1,b4,p55,p55_sp01,noninversion,R3,removed,rad_M,2019
35501_2_2019,0.46849364137161226,0.5715134798574104,35501,2019-11-01,2,b4,p55,p55_sp01,noninversion,R3,removed,rad_M,2019
35501_3_2019,0.6469927309113311,0.4610964925338882,35501,2019-11-01,3,b4,p55,p55_sp01,noninversion,R3,removed,rad_M,2019
35502_1_2018,-0.767877776932586,-0.40489702278993417,35502,2018-11-09,1,b4,p55,p55_sp02,noninversion,R3,removed,mix_E,2018
35502_2_2018,-0.7149542609684985,-0.4792142918586857,35502,2018-11-09,2,b4,p55,p55_sp02,noninversion,R3,removed,mix_E,2018
35502_3_2018,-0.3616150708907711,-0.81185271606715,35502,2018-11-09,3,b4,p55,p55_sp02,noninversion,R3,removed,mix_E,2018
35502_1_2019,0.5815633176297725,-0.948433909329512,35502,2019-11-01,1,b4,p55,p55_sp02,noninversion,R3,removed,mix_E,2019
35502_2_2019,0.6082196314852112,-0.7285895381125529,35502,2019-11-01,2,b4,p55,p55_sp02,noninversion,R3,removed,mix_E,2019
35502_3_2019,0.799731085988064,-0.5280958172216637,35502,2019-11-01,3,b4,p55,p55_sp02,noninversion,R3,removed,mix_E,2019
35504_1_2018,-1.1661542610505307,-0.1980511695128933,35504,2018-11-09,1,b4,p55,p55_sp04,noninversion,R3,removed,nocc,2018
35504_2_2018,-1.205927984988621,-0.20228852087145197,35504,2018-11-09,2,b4,p55,p55_sp04,noninversion,R3,removed,nocc,2018
35504_3_2018,-1.185443263605537,-0.13906333225579245,35504,2018-11-09,3,b4,p55,p55_sp04,noninversion,R3,removed,nocc,2018
35504_1_2019,1.5403594802326677,0.004296288689386659,35504,2019-11-01,1,b4,p55,p55_sp04,noninversion,R3,removed,nocc,2019
35504_2_2019,1.4321934694860756,-0.017190047093348468,35504,2019-11-01,2,b4,p55,p55_sp04,noninversion,R3,removed,nocc,2019
35504_3_2019,1.3556014338855846,-0.14639762601213457,35504,2019-11-01,3,b4,p55,p55_sp04,noninversion,R3,removed,nocc,2019
35505_1_2018,-0.8346704696373524,-0.35854063032696515,35505,2018-11-09,1,b4,p55,p55_sp05,noninversion,R3,removed,mix_M,2018
35505_2_2018,-0.939266623841312,-0.2025499441760002,35505,2018-11-09,2,b4,p55,p55_sp05,noninversion,R3,removed,mix_M,2018
35505_3_2018,-1.0741202424248297,-0.2345944304825083,35505,2018-11-09,3,b4,p55,p55_sp05,noninversion,R3,removed,mix_M,2018
35505_1_2019,1.014154143150994,-0.2785998875038027,35505,2019-11-01,1,b4,p55,p55_sp05,noninversion,R3,removed,mix_M,2019
35505_2_2019,1.0178871241321314,-0.2303306755495754,35505,2019-11-01,2,b4,p55,p55_sp05,noninversion,R3,removed,mix_M,2019
35505_3_2019,1.111735080290434,-0.2085415788420436,35505,2019-11-01,3,b4,p55,p55_sp05,noninversion,R3,removed,mix_M,2019
35506_1_2018,-0.3572488118767346,0.8849334943483919,35506,2018-11-09,1,b4,p55,p55_sp06,noninversion,R3,removed,rad_L,2018
35506_2_2018,-0.33758167768382297,0.803513487603069,35506,2018-11-09,2,b4,p55,p55_sp06,noninversion,R3,removed,rad_L,2018
35506_3_2018,-0.4929147295594675,0.563896145404829,35506,2018-11-09,3,b4,p55,p55_sp06,noninversion,R3,removed,rad_L,2018
35506_1_2019,0.8815218595600581,-0.37919281767543916,35506,2019-11-01,1,b4,p55,p55_sp06,noninversion,R3,removed,rad_L,2019
35506_2_2019,0.8112402416228126,-0.442521876620039,35506,2019-11-01,2,b4,p55,p55_sp06,noninversion,R3,removed,rad_L,2019
35506_3_2019,0.7254255590792644,-0.5832171438234299,35506,2019-11-01,3,b4,p55,p55_sp06,noninversion,R3,removed,rad_L,2019
